transactionID,startDate,endDate,percents,customerID,employeeID
100,2019-07-22,2020-06-28,83,69,5
101,2019-06-11,2020-03-23,54,62,84
102,2019-12-21,2021-08-10,98,13,77
103,2020-01-31,2021-03-03,68,75,75
104,2020-07-10,2021-07-24,99,37,35
105,2019-03-22,2020-01-15,64,19,59
106,2019-04-07,2021-05-19,73,64,11
107,2019-12-06,2020-11-19,79,34,37
108,2019-06-20,2021-06-11,85,90,59
109,2018-12-14,2019-11-26,39,58,52
110,2018-09-06,2020-04-09,63,60,36
111,2020-07-13,2021-07-25,52,77,66
112,2019-07-05,2019-11-19,30,98,73
113,2019-03-13,2019-06-07,59,28,16
114,2020-07-04,2021-02-11,61,66,44
115,2020-04-30,2020-05-01,43,54,66
116,2019-09-08,2020-09-25,73,40,90
117,2020-06-20,2020-09-07,30,18,72
118,2019-04-19,2019-11-11,85,33,37
119,2018-09-04,2018-11-10,59,62,87
120,2020-01-17,2020-03-22,51,86,81
121,2019-11-07,2020-02-24,56,79,64
122,2019-01-16,2020-06-24,94,14,40
123,2019-10-05,2020-05-13,85,67,76
124,2019-03-26,2020-04-26,56,50,53
125,2020-05-17,2020-08-27,82,86,32
126,2019-08-11,2019-08-14,32,27,58
127,2019-07-06,2021-03-23,84,71,33
128,2019-07-28,2020-07-07,89,35,73
129,2020-02-25,2021-08-04,75,28,69
130,2019-07-26,2019-10-19,56,18,98
131,2020-08-10,2020-11-16,85,59,95
132,2020-01-20,2020-09-22,76,83,74
133,2019-11-09,2021-07-14,92,68,92
134,2019-02-25,2019-08-18,85,45,62
135,2019-03-01,2021-01-03,58,93,94
136,2019-11-21,2021-05-21,72,95,13
137,2019-04-20,2021-01-24,72,53,12
138,2019-03-01,2021-06-22,95,69,51
139,2019-10-02,2021-06-26,51,36,60
140,2020-02-28,2021-06-16,82,45,59
141,2018-11-20,2020-05-05,49,14,87
142,2018-11-14,2021-02-15,34,35,82
143,2019-11-07,2019-11-25,83,98,53
144,2018-11-23,2021-05-03,99,42,19
145,2018-08-15,2019-07-23,43,45,15
146,2019-11-22,2020-08-22,39,65,60
147,2019-10-14,2020-03-27,37,9,22
148,2019-03-04,2021-05-28,31,76,51
149,2019-06-11,2020-10-01,58,34,36
150,2019-10-16,2020-03-15,82,55,69
151,2019-02-25,2021-07-31,63,88,63
152,2018-08-20,2020-02-03,98,44,10
153,2019-12-29,2020-11-17,69,98,89
154,2019-02-02,2020-01-03,90,32,97
155,2020-04-22,2021-03-22,75,55,49
156,2020-01-17,2020-05-30,89,40,63
157,2020-07-30,2020-11-15,33,36,88
158,2020-01-14,2020-09-14,61,42,59
159,2019-07-24,2021-07-23,62,46,59
160,2019-06-17,2020-11-07,80,75,76
161,2019-09-29,2020-12-28,38,21,74
162,2019-01-12,2021-03-05,91,81,25
163,2019-08-14,2020-01-24,53,78,54
164,2018-11-20,2021-01-19,79,88,97
165,2019-10-19,2021-01-31,50,20,27
166,2019-07-18,2019-08-01,47,61,61
167,2020-06-07,2020-11-01,60,54,92
168,2020-06-27,2020-07-09,45,72,51
169,2020-04-06,2020-05-08,55,5,55
170,2020-08-10,2021-04-12,50,95,88
171,2018-09-30,2020-11-16,43,87,68
172,2018-08-16,2019-02-01,71,63,22
173,2019-10-18,2021-05-12,98,32,36
174,2020-06-29,2020-10-06,32,16,27
175,2020-04-28,2020-09-03,38,94,94
176,2020-01-14,2020-06-28,66,22,93
177,2019-10-05,2021-03-19,37,18,0
178,2019-02-23,2020-04-30,44,77,50
179,2020-03-09,2020-12-31,39,71,38
180,2020-03-22,2020-12-24,76,22,97
181,2019-03-05,2020-09-14,48,28,56
182,2019-08-05,2019-11-27,61,13,58
183,2019-11-26,2020-08-22,60,7,48
184,2020-06-03,2021-02-28,72,76,1
185,2020-03-24,2021-02-05,99,62,90
186,2018-10-09,2018-10-18,39,12,58
187,2020-07-18,2021-01-06,58,91,72
188,2018-10-30,2019-02-28,53,93,21
189,2018-11-23,2020-02-20,52,86,45
190,2019-06-21,2019-07-04,69,71,31
191,2020-04-13,2021-07-29,75,9,5
192,2020-02-08,2020-07-25,63,50,83
193,2018-09-01,2018-12-22,65,43,8
194,2019-10-06,2020-12-26,30,42,92
195,2019-04-05,2020-01-10,83,72,3
196,2019-02-24,2019-03-12,82,70,82
197,2019-04-20,2020-01-10,87,40,93
198,2019-06-05,2021-03-10,34,1,17
199,2019-10-05,2020-02-22,79,93,56
200,2019-02-17,2019-07-05,85,59,65
201,2019-04-21,2019-12-29,55,87,94
202,2019-03-15,2020-08-16,59,64,95
203,2020-02-08,2020-12-28,70,55,72
204,2020-05-25,2021-02-07,79,70,79
205,2020-03-25,2020-06-27,48,87,21
206,2020-04-02,2021-02-28,96,20,59
207,2020-04-10,2021-06-23,86,18,8
208,2019-03-01,2019-11-20,32,38,37
209,2020-08-09,2021-02-25,95,40,32
210,2019-01-20,2020-04-24,89,33,82
211,2020-04-18,2021-03-10,52,52,69
212,2020-03-23,2021-04-30,59,20,46
213,2018-10-04,2020-08-20,68,9,67
214,2019-12-06,2020-10-24,76,21,40
215,2020-01-30,2020-08-20,49,33,22
216,2019-10-14,2020-02-13,37,61,94
217,2019-12-22,2020-03-02,83,3,64
218,2020-04-17,2021-06-03,62,12,52
219,2018-09-22,2021-03-03,70,10,23
220,2020-07-01,2020-07-12,86,16,84
221,2019-08-28,2021-05-02,52,62,21
222,2018-09-29,2019-09-03,37,19,7
223,2020-02-23,2020-04-07,68,2,60
224,2020-02-15,2020-06-19,34,12,12
225,2020-06-29,2020-10-05,56,59,90
226,2020-07-21,2021-06-21,41,78,6
227,2018-09-25,2021-01-17,79,41,29
228,2018-12-22,2020-07-12,70,34,6
229,2019-04-06,2020-03-04,99,28,23
230,2019-09-06,2021-06-21,78,57,10
231,2018-11-29,2021-03-24,30,23,91
232,2019-09-10,2020-04-11,45,62,77
233,2019-03-27,2020-12-24,62,11,32
234,2018-08-13,2020-02-22,72,58,73
235,2018-11-26,2019-05-21,57,89,58
236,2019-04-27,2021-08-08,96,69,77
237,2019-05-11,2021-05-10,32,99,53
238,2019-01-29,2019-08-20,97,65,51
239,2018-09-19,2020-05-13,34,96,83
240,2020-06-12,2020-08-29,52,19,83
241,2019-07-23,2020-07-06,79,53,96
242,2020-01-10,2020-10-07,87,59,66
243,2020-05-06,2021-03-19,75,71,47
244,2019-09-17,2020-06-08,70,98,72
245,2019-08-27,2021-06-19,86,40,87
246,2020-02-14,2020-11-11,38,27,22
247,2019-12-11,2020-12-27,97,100,88
248,2019-11-26,2020-01-06,96,70,92
249,2019-08-28,2020-11-30,74,69,63
250,2019-07-26,2021-01-17,61,24,49
251,2019-06-13,2019-06-24,63,49,47
252,2019-12-30,2020-11-07,92,59,78
253,2019-04-27,2020-09-28,85,68,60
254,2019-07-01,2020-03-16,87,28,67
255,2020-05-17,2021-04-03,61,46,39
256,2019-07-11,2020-12-13,46,20,12
257,2020-04-01,2020-07-26,92,83,68
258,2019-09-17,2021-03-08,52,57,3
259,2019-01-27,2020-07-15,71,28,7
260,2020-04-16,2020-10-30,78,60,70
261,2018-10-02,2020-06-19,37,64,20
262,2020-04-09,2021-04-03,77,8,91
263,2018-09-07,2021-03-04,79,33,7
264,2018-08-22,2019-02-28,47,4,24
265,2018-11-13,2020-04-19,38,22,64
266,2019-04-05,2020-07-19,34,28,49
267,2018-10-27,2020-03-25,61,100,52
268,2019-03-13,2021-07-21,95,78,74
269,2019-01-15,2020-09-20,48,37,93
270,2018-12-10,2020-06-02,55,40,11
271,2019-05-15,2019-06-21,79,33,20
272,2019-11-21,2021-04-07,64,23,56
273,2019-11-12,2020-10-30,92,48,4
274,2019-09-24,2019-10-03,90,67,69
275,2018-09-30,2021-04-11,38,2,36
276,2019-12-06,2020-04-03,73,27,76
277,2019-09-18,2020-06-05,30,7,90
278,2018-10-30,2020-08-17,34,74,18
279,2019-07-21,2020-01-31,89,36,1
280,2019-09-28,2021-07-11,36,97,2
281,2018-12-29,2020-02-09,31,29,6
282,2020-06-01,2021-07-26,41,48,89
283,2019-02-04,2020-07-25,96,20,96
284,2019-03-01,2021-03-12,92,78,63
285,2018-12-27,2019-09-07,75,51,46
286,2019-12-10,2020-10-19,59,21,24
287,2018-09-12,2019-12-27,100,9,37
288,2020-07-14,2020-10-16,58,84,84
289,2018-11-13,2019-02-14,66,47,1
290,2020-06-08,2021-07-23,49,17,70
291,2019-05-25,2020-05-06,77,37,81
292,2019-07-25,2019-12-30,67,90,67
293,2018-10-01,2020-11-29,75,35,1
294,2019-11-12,2020-02-01,57,16,11
295,2019-11-29,2020-03-28,44,84,24
296,2020-04-06,2021-06-20,62,61,68
297,2019-09-03,2021-03-25,98,25,84
298,2018-08-23,2019-11-30,41,44,59
299,2019-05-09,2021-06-04,62,93,87
300,2019-11-05,2021-04-02,71,88,58
301,2019-10-03,2019-10-09,59,100,72
302,2019-11-25,2021-03-12,87,39,51
303,2020-03-08,2021-02-10,55,16,79
304,2019-05-31,2020-06-06,33,55,0
305,2020-08-04,2021-05-30,92,26,23
306,2020-02-07,2021-01-03,95,63,27
307,2019-07-10,2021-04-07,74,86,75
308,2020-03-22,2021-05-14,39,68,49
309,2019-04-16,2021-06-18,37,67,20
310,2018-12-06,2020-11-22,76,4,67
311,2019-01-14,2021-02-07,79,97,31
312,2019-02-16,2019-12-05,85,47,81
313,2020-05-13,2020-10-12,98,32,90
314,2018-12-17,2019-12-13,82,86,44
315,2019-11-12,2021-02-02,66,82,36
316,2020-01-11,2021-04-12,93,68,29
317,2019-09-17,2020-06-17,87,65,47
318,2018-09-03,2019-02-15,51,92,2
319,2020-06-07,2020-11-06,63,40,54
320,2020-01-20,2020-11-08,32,17,45
321,2018-12-05,2019-03-16,73,70,5
322,2019-02-25,2019-07-22,77,37,80
323,2020-02-10,2021-03-01,93,17,77
324,2020-03-24,2020-08-28,71,95,36
325,2019-02-03,2019-07-20,52,58,31
326,2020-03-10,2021-02-12,86,47,79
327,2019-06-13,2021-02-08,74,92,5
328,2018-09-24,2021-02-25,62,80,78
329,2020-03-30,2020-06-22,73,49,13
330,2020-06-29,2020-11-16,92,55,74
331,2019-01-15,2019-03-10,33,99,16
332,2019-03-20,2020-10-30,77,42,38
333,2020-05-11,2020-12-02,31,73,39
334,2020-05-21,2021-04-26,99,57,69
335,2018-10-17,2018-12-30,96,91,6
336,2018-12-21,2019-08-02,98,89,57
337,2019-02-08,2021-03-22,34,46,13
338,2020-08-02,2020-09-13,84,36,45
339,2019-09-20,2020-06-01,94,8,81
340,2020-03-24,2021-03-01,71,80,79
341,2019-03-03,2020-07-07,60,15,82
342,2018-12-28,2021-02-14,60,48,28
343,2018-10-30,2020-10-26,53,15,96
344,2018-09-30,2019-05-02,55,41,49
345,2020-04-27,2020-11-28,67,42,11
346,2020-05-01,2020-05-10,45,51,6
347,2019-10-24,2021-04-14,72,89,93
348,2020-05-04,2020-09-29,99,52,36
349,2019-08-02,2020-12-29,86,73,59
350,2019-08-29,2020-02-11,44,60,90
351,2018-12-20,2019-12-09,59,45,44
352,2019-12-30,2021-04-07,69,19,13
353,2019-02-09,2020-08-07,44,4,63
354,2019-08-10,2020-09-30,59,52,66
355,2020-01-08,2020-01-25,59,21,55
356,2019-03-21,2020-05-30,47,57,69
357,2019-07-18,2020-01-28,54,53,41
358,2020-01-16,2020-11-03,35,80,2
359,2019-04-24,2021-05-08,48,85,49
360,2019-09-09,2020-11-16,57,42,61
361,2019-04-21,2021-03-27,67,10,75
362,2019-05-31,2020-08-26,87,11,72
363,2020-05-29,2021-07-05,58,76,83
364,2019-05-10,2021-01-26,94,60,79
365,2020-02-22,2021-06-02,97,41,63
366,2019-09-17,2020-07-25,95,29,35
367,2018-11-01,2020-07-02,63,26,87
368,2019-06-11,2019-09-12,51,41,12
369,2020-06-18,2021-07-20,100,70,26
370,2018-09-27,2020-11-23,81,35,48
371,2019-03-11,2021-02-01,35,54,52
372,2018-12-17,2020-01-08,100,45,19
373,2019-03-25,2021-06-02,63,58,3
374,2020-05-02,2021-02-11,75,34,52
375,2019-10-22,2019-12-01,56,3,4
376,2018-09-23,2021-02-20,74,26,61
377,2019-10-27,2020-03-27,71,36,61
378,2019-04-23,2019-05-21,79,2,84
379,2018-09-03,2021-08-07,83,8,83
380,2019-02-22,2020-03-17,54,76,17
381,2019-07-30,2020-12-26,42,45,31
382,2020-02-21,2021-05-02,61,93,65
383,2019-11-04,2020-08-01,34,94,90
384,2019-07-18,2019-08-06,54,49,14
385,2020-05-06,2020-07-09,98,25,36
386,2019-03-24,2021-01-23,64,9,27
387,2018-11-04,2021-04-12,90,25,39
388,2019-10-23,2020-04-04,93,29,76
389,2018-11-24,2020-10-20,70,99,43
390,2020-05-25,2020-07-28,71,54,78
391,2019-05-01,2021-05-04,40,29,25
392,2020-05-12,2020-09-09,41,73,95
393,2019-09-09,2021-06-16,54,2,22
394,2018-09-23,2021-04-09,74,42,19
395,2020-06-01,2020-09-08,100,52,50
396,2018-11-17,2019-04-24,40,75,52
397,2020-04-30,2020-05-22,65,80,75
398,2019-10-19,2020-02-20,48,66,41
399,2019-07-26,2021-05-11,38,84,61
400,2019-07-02,2020-02-12,41,59,71
401,2019-08-15,2019-12-07,75,64,10
402,2019-07-09,2021-03-30,79,67,37
403,2019-08-19,2020-03-01,89,84,0
404,2020-03-26,2020-10-04,30,77,7
405,2019-02-15,2019-07-17,34,6,24
406,2019-05-19,2021-01-01,74,42,76
407,2020-06-27,2020-09-26,54,56,34
408,2019-02-13,2019-03-31,83,38,17
409,2019-04-21,2021-03-27,84,10,58
410,2019-06-07,2020-12-12,96,34,94
411,2018-09-10,2021-06-19,55,52,87
412,2019-01-30,2020-03-01,93,13,45
413,2019-04-29,2020-05-11,88,39,15
414,2019-05-22,2020-07-20,52,32,66
415,2019-04-03,2019-05-06,30,64,24
416,2019-07-22,2020-06-04,30,99,60
417,2020-01-06,2020-03-25,44,15,56
418,2020-05-26,2020-09-14,32,32,71
419,2019-09-24,2020-09-16,44,80,12
420,2020-06-23,2020-09-24,35,80,63
421,2019-07-05,2019-07-21,54,49,81
422,2018-12-15,2020-03-04,54,92,33
423,2019-05-29,2020-12-03,54,72,83
424,2018-12-06,2019-01-15,34,57,3
425,2019-06-25,2019-07-02,40,70,69
426,2018-10-14,2019-06-21,58,85,56
427,2018-10-11,2019-06-20,59,97,30
428,2019-06-24,2021-07-08,99,7,83
429,2019-09-07,2019-11-05,43,87,6
430,2020-03-22,2020-06-09,81,17,90
431,2020-04-08,2020-09-02,45,53,53
432,2018-11-08,2019-05-19,89,51,66
433,2020-07-24,2020-08-06,82,70,82
434,2020-01-31,2020-04-09,36,55,55
435,2019-08-05,2020-10-05,35,90,46
436,2019-11-23,2021-05-03,73,13,27
437,2020-05-01,2020-11-12,72,17,7
438,2019-09-04,2020-01-18,37,29,21
439,2019-06-30,2020-12-13,43,63,75
440,2018-11-27,2021-04-06,100,8,65
441,2019-03-31,2020-11-22,45,44,34
442,2019-03-06,2020-08-08,32,7,84
443,2020-03-01,2020-06-09,55,17,42
444,2019-03-01,2020-07-18,53,79,47
445,2019-02-03,2021-03-05,90,23,8
446,2020-08-05,2021-04-08,92,1,98
447,2019-06-24,2020-04-29,58,76,52
448,2019-09-30,2019-10-28,68,62,85
449,2018-10-01,2018-11-09,51,86,79
450,2019-09-03,2019-11-15,62,35,72
451,2020-02-05,2020-06-17,88,90,14
452,2019-11-11,2020-09-02,38,6,82
453,2019-12-27,2021-05-23,69,26,94
454,2019-03-17,2020-08-29,54,95,27
455,2019-11-20,2020-04-21,92,78,57
456,2019-11-27,2020-02-28,32,18,8
457,2019-10-23,2020-01-15,40,90,86
458,2020-04-30,2021-04-08,66,35,95
459,2019-05-20,2019-09-29,64,67,9
460,2019-06-02,2021-01-02,59,63,8
461,2020-07-03,2020-08-14,58,89,13
462,2020-08-03,2021-05-10,34,21,93
463,2019-12-17,2021-01-26,96,32,15
464,2018-11-27,2020-04-15,90,9,68
465,2019-12-19,2021-02-13,37,24,97
466,2020-06-26,2021-05-18,60,1,57
467,2019-05-11,2020-06-18,52,32,95
468,2020-02-08,2020-10-10,93,74,42
469,2019-03-23,2020-11-27,81,20,57
470,2018-12-18,2020-11-14,91,15,31
471,2020-04-20,2020-10-27,65,16,54
472,2019-02-07,2021-06-24,55,72,87
473,2019-03-29,2019-12-24,93,80,89
474,2019-12-17,2021-02-09,48,91,61
475,2019-07-11,2019-11-03,99,80,14
476,2019-01-28,2020-03-01,65,92,53
477,2019-12-11,2020-07-01,52,79,40
478,2019-04-27,2020-09-08,37,62,53
479,2019-06-16,2019-07-20,96,82,80
480,2019-02-04,2019-12-29,46,5,41
481,2019-07-27,2019-08-10,98,35,67
482,2018-10-17,2019-06-26,57,50,19
483,2020-01-02,2021-02-01,73,25,55
484,2020-04-03,2020-12-11,34,19,20
485,2019-08-04,2020-02-28,94,88,72
486,2020-05-09,2021-06-17,56,78,12
487,2019-07-19,2020-09-02,31,97,86
488,2020-07-22,2020-12-08,73,8,69
489,2019-09-08,2020-08-04,30,38,82
490,2020-06-15,2021-01-26,81,95,63
491,2019-10-20,2020-01-12,79,50,89
492,2020-02-27,2020-10-26,83,7,0
493,2020-01-05,2021-07-13,79,70,10
494,2018-09-26,2020-09-20,67,54,79
495,2018-11-17,2020-12-30,76,45,44
496,2018-11-08,2020-01-11,93,42,79
497,2020-02-19,2021-01-12,56,100,93
498,2018-09-29,2019-12-22,88,22,75
499,2019-04-25,2020-03-21,73,18,68
500,2020-08-02,2021-01-12,37,43,94
501,2019-06-28,2021-01-28,57,51,18
502,2018-09-02,2021-06-25,69,40,26
503,2020-06-08,2020-08-24,60,29,52
504,2019-03-20,2019-07-02,72,34,64
505,2020-08-02,2020-10-09,37,61,47
506,2019-03-17,2019-08-08,77,28,62
507,2019-04-03,2021-04-19,35,26,85
508,2019-12-29,2021-04-12,48,20,43
509,2020-06-10,2020-11-05,30,31,14
510,2018-12-18,2020-03-17,80,43,24
511,2019-03-05,2019-06-16,55,47,71
512,2019-01-15,2020-02-17,86,98,96
513,2019-12-05,2021-05-20,34,2,94
514,2019-12-28,2021-01-16,56,49,90
515,2020-06-16,2020-06-22,62,14,77
516,2018-11-30,2019-06-21,86,83,7
517,2018-08-29,2020-03-17,66,90,57
518,2020-05-09,2020-07-11,64,60,38
519,2020-05-25,2021-06-18,81,25,87
520,2020-01-23,2020-10-24,85,89,19
521,2018-10-12,2020-02-07,66,63,42
522,2020-01-12,2020-10-05,54,64,27
523,2020-02-08,2021-01-12,36,79,37
524,2020-01-17,2020-09-11,54,97,62
525,2018-12-01,2020-02-01,48,60,58
526,2020-02-20,2020-04-18,32,14,54
527,2020-07-22,2021-02-26,78,34,15
528,2018-10-05,2020-11-04,46,4,75
529,2019-05-25,2021-08-03,62,17,20
530,2018-11-02,2019-09-22,80,93,86
531,2019-04-02,2020-04-12,50,13,96
532,2019-04-02,2021-01-17,78,20,56
533,2019-04-13,2020-06-26,92,68,29
534,2018-11-21,2019-12-07,94,71,54
535,2018-10-11,2021-01-14,52,80,24
536,2018-10-26,2020-05-19,38,7,54
537,2020-03-31,2021-06-28,54,51,68
538,2018-09-21,2019-11-12,82,95,56
539,2019-02-17,2021-06-04,91,100,21
540,2019-11-23,2021-01-07,82,86,20
541,2020-07-12,2021-05-22,73,20,39
542,2018-12-04,2019-12-07,95,93,86
543,2019-03-13,2021-01-04,82,38,8
544,2019-11-19,2021-04-17,81,94,79
545,2020-06-25,2020-10-19,95,92,88
546,2019-03-30,2020-11-28,77,78,2
547,2018-10-24,2020-09-18,38,4,41
548,2019-08-31,2020-11-16,62,15,82
549,2019-05-06,2019-10-08,45,67,63
550,2019-10-18,2020-11-10,81,93,90
551,2019-06-28,2019-12-15,62,42,33
552,2019-11-27,2020-05-26,99,68,16
553,2018-11-13,2018-12-07,45,88,63
554,2018-11-18,2019-10-28,91,6,85
555,2019-01-06,2021-08-03,60,37,19
556,2020-02-22,2020-06-14,73,46,87
557,2018-09-03,2021-05-13,35,29,78
558,2019-05-08,2020-07-28,32,31,26
559,2018-10-08,2020-06-28,44,100,63
560,2019-10-03,2020-05-12,72,57,82
561,2019-04-22,2020-02-24,83,43,47
562,2020-07-21,2021-02-25,32,72,49
563,2020-02-25,2021-05-07,56,30,75
564,2019-10-25,2020-04-28,60,37,90
565,2018-12-04,2020-10-15,54,77,9
566,2019-01-18,2019-12-03,41,5,70
567,2019-08-20,2021-02-16,74,53,93
568,2020-04-25,2021-04-03,35,95,15
569,2020-05-28,2021-04-20,70,67,49
570,2018-10-05,2020-03-16,81,76,31
571,2020-01-26,2020-12-30,65,63,12
572,2020-03-05,2021-04-08,45,12,81
573,2019-01-28,2020-10-17,90,80,98
574,2019-05-04,2019-08-18,93,96,67
575,2019-06-09,2020-04-13,30,78,66
576,2018-12-09,2020-06-15,49,87,72
577,2019-09-01,2019-09-24,31,44,15
578,2019-09-07,2020-09-03,97,2,7
579,2018-10-08,2018-12-23,55,19,6
580,2019-03-27,2019-07-31,39,17,31
581,2019-06-30,2020-12-31,69,15,64
582,2018-12-29,2019-12-13,63,72,68
583,2020-07-29,2020-11-24,36,88,39
584,2019-04-02,2019-09-22,45,64,26
585,2019-06-24,2019-12-10,92,57,42
586,2020-02-05,2020-02-12,87,85,7
587,2019-12-22,2020-08-24,55,25,30
588,2019-12-08,2021-01-24,46,48,36
589,2018-09-05,2019-06-15,57,46,0
590,2019-11-27,2020-07-23,92,10,7
591,2018-11-18,2019-06-04,87,72,68
592,2019-10-11,2020-04-18,95,91,64
593,2019-08-18,2020-07-21,51,54,65
594,2019-04-28,2021-08-04,60,62,96
595,2019-02-11,2021-06-08,30,57,21
596,2020-04-26,2020-09-09,96,78,35
597,2020-04-02,2020-10-15,37,71,2
598,2018-11-19,2020-01-07,80,27,62
599,2020-05-28,2021-06-01,31,27,80
600,2019-08-25,2020-10-19,61,30,11
601,2018-11-22,2019-10-27,74,97,73
602,2018-09-15,2020-08-16,37,85,16
603,2019-10-06,2019-10-26,47,1,74
604,2018-10-12,2019-01-06,39,27,64
605,2019-12-16,2021-01-14,95,12,37
606,2020-02-28,2020-12-08,79,89,15
607,2019-08-08,2020-11-13,84,69,27
608,2019-06-27,2019-09-16,56,38,2
609,2018-12-26,2019-01-20,36,55,19
610,2020-08-07,2020-11-22,77,12,35
611,2019-05-29,2021-05-27,92,50,98
612,2019-01-15,2019-02-20,42,58,93
613,2018-10-23,2021-03-03,30,40,48
614,2020-03-01,2021-07-21,88,3,26
615,2019-10-13,2021-07-05,41,37,42
616,2020-01-14,2021-03-05,33,60,68
617,2020-01-05,2021-01-07,45,98,23
618,2019-07-02,2021-07-16,78,70,79
619,2019-12-11,2021-03-05,76,4,13
620,2019-06-26,2020-12-20,60,56,25
621,2019-08-01,2021-03-21,73,22,35
622,2018-12-03,2020-01-01,41,49,8
623,2020-03-29,2021-04-23,92,79,28
624,2020-02-28,2020-08-02,90,46,95
625,2019-11-27,2021-01-13,74,39,53
626,2019-03-26,2020-05-28,52,48,0
627,2019-11-30,2020-04-02,74,5,43
628,2020-05-16,2021-07-17,88,59,70
629,2018-08-25,2019-01-15,70,38,79
630,2020-02-18,2021-04-12,93,30,73
631,2020-07-02,2021-07-22,88,37,8
632,2018-10-02,2019-07-22,42,6,32
633,2020-02-10,2020-06-26,82,43,83
634,2020-07-21,2021-02-16,41,95,23
635,2019-12-16,2020-01-18,99,69,3
636,2019-07-15,2020-09-25,100,20,77
637,2019-09-26,2019-11-05,90,11,19
638,2019-11-26,2020-12-23,51,46,69
639,2019-11-23,2020-09-05,63,22,80
640,2019-12-25,2021-07-16,77,60,91
641,2019-07-04,2020-03-01,65,9,43
642,2019-07-20,2019-11-07,76,61,90
643,2019-12-27,2021-04-02,72,22,67
644,2020-04-29,2020-05-02,90,100,53
645,2020-03-10,2020-06-29,64,73,3
646,2020-04-23,2021-06-22,97,60,68
647,2019-04-23,2019-12-22,65,42,4
648,2019-06-09,2019-08-08,92,41,43
649,2019-12-10,2021-07-30,60,14,11
650,2020-06-20,2021-03-24,83,25,83
651,2019-01-28,2021-01-13,60,87,67
652,2020-01-18,2021-02-19,43,75,69
653,2019-06-11,2021-03-19,88,5,81
654,2019-11-10,2020-08-09,47,37,62
655,2018-10-03,2019-10-19,62,50,93
656,2019-04-02,2020-12-24,50,88,14
657,2020-01-29,2020-08-24,90,6,63
658,2018-09-24,2018-12-03,81,58,82
659,2020-06-18,2021-04-27,77,15,12
660,2019-01-31,2020-08-15,94,52,1
661,2019-05-03,2019-09-09,93,88,91
662,2020-04-08,2020-09-26,48,12,34
663,2018-09-17,2019-04-25,67,48,89
664,2019-07-19,2021-07-18,88,64,83
665,2020-01-22,2020-06-08,61,75,59
666,2018-09-08,2019-03-04,59,1,0
667,2019-08-31,2019-10-29,80,5,14
668,2019-11-24,2020-09-20,90,41,97
669,2020-03-05,2020-10-28,69,44,97
670,2020-06-27,2021-02-24,42,67,91
671,2020-07-12,2021-05-09,61,64,98
672,2020-03-29,2020-05-15,31,6,68
673,2020-04-08,2020-12-10,100,39,1
674,2020-02-13,2021-01-24,46,80,33
675,2018-09-26,2018-12-13,52,16,39
676,2019-11-30,2019-12-13,81,5,92
677,2019-04-16,2020-07-06,87,1,58
678,2018-11-23,2020-07-09,64,6,86
679,2019-02-12,2019-08-11,94,9,89
680,2018-12-29,2020-01-30,53,37,77
681,2019-10-08,2020-01-17,95,21,17
682,2020-05-03,2021-05-10,38,96,42
683,2018-10-26,2020-09-11,71,65,75
684,2018-12-04,2021-08-04,82,17,63
685,2020-06-14,2020-09-21,58,57,80
686,2019-11-30,2021-08-01,51,35,34
687,2018-09-13,2019-05-31,74,88,64
688,2018-09-07,2021-05-22,72,23,93
689,2019-09-05,2020-08-14,88,91,97
690,2020-06-24,2020-12-28,74,47,97
691,2020-07-14,2020-08-14,83,25,57
692,2020-06-15,2020-12-24,65,55,27
693,2019-02-23,2021-04-15,73,37,16
694,2019-09-03,2020-08-22,62,38,15
695,2019-03-06,2020-04-23,30,96,94
696,2019-06-30,2020-12-01,77,11,24
697,2020-03-01,2021-01-14,47,41,61
698,2019-06-17,2020-01-27,59,64,65
699,2019-10-19,2020-04-25,93,75,66
700,2018-12-19,2019-09-21,31,3,83
701,2019-10-07,2021-01-31,96,62,71
702,2020-05-31,2021-01-03,94,73,24
703,2019-12-22,2021-05-20,56,63,37
704,2019-10-26,2021-01-05,93,55,71
705,2018-12-07,2020-05-09,57,86,17
706,2020-02-04,2020-07-28,68,18,4
707,2020-07-30,2021-03-22,39,25,28
708,2019-05-16,2020-12-26,95,88,22
709,2020-07-17,2020-10-25,49,26,72
710,2019-06-11,2020-04-21,54,2,73
711,2018-11-09,2019-02-07,92,36,22
712,2020-07-12,2020-11-14,50,90,88
713,2020-04-04,2020-12-13,86,13,61
714,2019-01-25,2020-04-01,68,58,77
715,2020-06-09,2020-11-07,95,34,54
716,2019-02-14,2020-01-23,63,46,51
717,2020-01-14,2021-04-05,76,58,81
718,2019-06-22,2021-03-13,95,81,67
719,2019-10-02,2020-10-07,93,5,86
720,2018-12-21,2020-07-04,89,36,9
721,2019-03-25,2019-12-30,77,91,2
722,2020-06-11,2021-06-29,51,81,22
723,2018-09-16,2018-10-17,56,81,70
724,2019-08-30,2019-09-24,52,65,11
725,2019-05-24,2021-02-23,42,78,64
726,2018-09-02,2020-02-16,42,60,4
727,2019-08-18,2020-04-17,52,93,72
728,2018-11-10,2021-05-29,36,95,27
729,2018-12-17,2019-12-03,65,92,59
730,2019-04-04,2019-11-18,39,16,50
731,2019-10-03,2021-08-10,33,12,38
732,2019-02-01,2019-11-10,87,69,92
733,2019-02-12,2019-11-04,63,73,26
734,2020-06-21,2021-03-12,35,11,23
735,2018-09-21,2019-09-26,78,18,40
736,2019-08-06,2021-05-18,31,70,70
737,2018-12-16,2021-03-28,35,88,98
738,2020-02-14,2021-02-02,69,58,85
739,2020-03-18,2020-09-19,70,60,65
740,2018-10-26,2020-02-01,62,35,89
741,2018-11-26,2020-08-18,50,64,49
742,2020-08-05,2021-08-06,59,85,82
743,2020-08-06,2021-07-17,64,90,80
744,2020-06-23,2021-07-02,60,51,71
745,2019-12-12,2021-02-27,94,71,7
746,2019-12-19,2019-12-23,61,87,88
747,2020-02-10,2020-12-24,93,73,49
748,2020-08-07,2020-12-23,67,64,67
749,2018-10-20,2020-02-12,79,9,41
750,2020-02-28,2020-11-24,37,81,67
751,2019-03-14,2020-08-22,39,30,84
752,2019-10-23,2020-07-10,83,29,12
753,2019-06-10,2020-12-18,94,25,85
754,2019-05-01,2021-07-23,70,56,60
755,2019-07-07,2021-03-04,85,7,23
756,2018-11-18,2020-02-08,77,31,44
757,2019-07-24,2020-11-17,37,30,39
758,2018-08-12,2019-11-12,59,44,85
759,2018-08-31,2021-03-31,71,90,75
760,2019-03-21,2021-06-24,47,2,34
761,2020-02-21,2020-06-18,93,45,38
762,2019-07-16,2019-07-31,82,10,86
763,2019-04-15,2019-08-09,92,19,98
764,2019-08-03,2020-12-30,45,7,15
765,2019-05-12,2019-09-17,65,11,47
766,2020-06-06,2021-05-30,31,33,73
767,2019-05-13,2021-06-07,85,49,47
768,2019-03-17,2020-03-20,52,51,17
769,2020-06-19,2020-09-10,92,92,66
770,2018-10-11,2020-05-08,59,90,7
771,2019-06-23,2019-10-01,58,12,29
772,2020-05-28,2020-08-02,44,62,50
773,2019-02-04,2019-12-05,64,74,64
774,2019-12-04,2021-07-06,75,9,63
775,2020-04-10,2021-08-06,76,26,41
776,2019-04-08,2021-03-22,32,45,41
777,2019-12-11,2020-06-05,37,60,86
778,2018-11-21,2020-12-20,84,100,43
779,2018-08-15,2021-08-08,66,60,43
780,2019-09-16,2019-12-27,81,51,75
781,2020-07-28,2020-12-19,58,10,94
782,2019-12-16,2020-09-20,79,56,43
783,2019-06-12,2019-12-01,47,95,3
784,2020-05-01,2020-11-21,47,5,9
785,2018-12-14,2019-05-25,97,24,76
786,2019-10-08,2021-04-08,86,31,64
787,2019-09-20,2020-03-16,74,67,5
788,2019-11-17,2021-02-23,33,54,78
789,2018-09-27,2021-05-11,47,88,33
790,2020-02-12,2020-11-20,55,82,28
791,2020-05-22,2020-08-10,92,4,98
792,2019-08-17,2021-01-22,92,87,43
793,2020-05-07,2020-07-31,39,44,16
794,2019-10-27,2020-03-01,41,71,29
795,2020-05-18,2020-09-30,76,95,3
796,2019-10-11,2020-05-08,46,53,13
797,2020-01-27,2020-12-25,69,83,8
798,2019-11-26,2021-03-01,80,73,0
799,2020-08-04,2021-05-22,55,92,77
800,2019-05-04,2021-03-27,78,8,75
801,2019-03-20,2020-01-13,32,23,52
802,2019-04-06,2021-08-06,72,51,56
803,2020-01-29,2021-01-28,36,20,0
804,2020-03-27,2020-03-28,45,22,9
805,2018-12-06,2021-05-20,41,69,44
806,2019-07-08,2020-10-23,69,46,19
807,2018-10-28,2021-02-12,36,96,92
808,2018-11-22,2019-10-12,48,33,34
809,2018-10-09,2019-01-18,91,69,85
810,2020-03-30,2020-10-05,44,99,66
811,2020-05-02,2020-11-06,54,51,21
812,2020-02-12,2020-03-02,94,42,86
813,2020-05-16,2020-09-04,46,46,71
814,2018-12-20,2019-10-01,100,98,98
815,2018-12-01,2020-03-03,55,3,95
816,2019-08-10,2019-09-21,64,86,73
817,2019-08-09,2021-08-04,42,78,81
818,2018-10-30,2021-02-16,89,84,37
819,2020-06-13,2020-08-29,62,76,39
820,2019-10-27,2020-09-04,49,23,54
821,2019-03-05,2019-04-16,67,93,80
822,2019-03-09,2020-05-12,73,26,71
823,2020-04-24,2021-02-11,49,69,19
824,2019-08-31,2019-11-04,77,34,20
825,2020-04-16,2020-11-21,82,92,26
826,2020-05-29,2021-03-27,31,66,90
827,2019-10-29,2020-05-21,58,67,87
828,2019-08-22,2020-12-19,54,97,62
829,2020-06-13,2021-03-21,32,19,0
830,2018-08-26,2019-11-03,30,87,25
831,2019-01-02,2020-01-10,72,51,82
832,2020-06-25,2021-04-27,60,67,10
833,2018-12-17,2019-02-03,90,21,80
834,2019-04-03,2020-09-12,43,60,95
835,2020-04-30,2020-08-06,61,4,33
836,2019-05-21,2020-06-04,64,13,83
837,2020-01-29,2021-05-07,64,19,89
838,2019-04-03,2020-02-26,64,64,53
839,2020-04-16,2021-03-08,41,42,44
840,2018-08-26,2019-03-01,69,51,87
841,2019-06-26,2020-07-19,89,3,93
842,2019-12-13,2021-08-01,87,71,87
843,2019-08-05,2019-10-19,52,71,23
844,2019-10-30,2020-04-20,53,30,61
845,2018-10-25,2019-03-23,97,8,32
846,2019-09-03,2021-06-05,35,75,69
847,2019-12-23,2021-04-24,55,41,71
848,2019-02-13,2020-01-16,33,30,2
849,2019-10-10,2019-11-28,68,16,0
850,2018-08-19,2020-03-08,75,44,31
851,2019-09-14,2021-01-20,49,12,86
852,2020-04-19,2020-11-15,31,74,32
853,2019-06-30,2019-08-23,56,12,34
854,2018-09-17,2020-05-19,54,62,72
855,2019-12-07,2021-01-18,78,2,85
856,2018-12-25,2021-04-24,52,57,54
857,2019-12-04,2020-01-12,50,53,47
858,2020-03-03,2020-04-29,37,98,84
859,2019-07-06,2021-05-16,45,7,17
860,2020-01-04,2020-06-20,99,37,46
861,2019-10-23,2020-05-15,47,72,46
862,2019-05-28,2021-02-01,54,79,32
863,2020-07-08,2020-10-18,44,24,22
864,2019-09-20,2021-02-21,78,45,76
865,2019-05-26,2020-01-31,57,52,16
866,2019-03-15,2020-09-11,63,22,37
867,2019-06-28,2020-07-22,85,48,21
868,2019-06-30,2021-04-16,69,2,53
869,2019-04-25,2020-08-13,75,17,63
870,2019-03-04,2019-09-18,41,49,52
871,2019-11-16,2019-12-02,80,16,92
872,2019-04-19,2021-02-02,78,67,74
873,2020-05-20,2021-07-10,36,45,96
874,2020-01-27,2021-04-22,43,9,37
875,2019-06-29,2020-02-08,37,1,2
876,2019-03-15,2019-09-29,35,53,29
877,2019-07-07,2021-01-12,41,7,8
878,2020-03-03,2020-03-23,68,1,74
879,2019-03-08,2021-04-17,65,11,7
880,2019-04-05,2019-08-02,81,91,91
881,2020-03-22,2021-03-22,68,41,26
882,2019-05-26,2020-09-06,30,47,35
883,2020-01-29,2021-02-04,63,88,60
884,2020-08-08,2020-12-05,57,92,10
885,2020-06-28,2021-05-12,60,73,22
886,2019-07-18,2020-08-02,53,46,87
887,2019-06-14,2019-10-05,81,80,61
888,2019-11-29,2020-08-10,82,15,7
889,2018-11-05,2020-08-12,96,61,1
890,2020-01-05,2020-11-19,51,54,33
891,2020-04-17,2021-02-06,73,23,29
892,2019-04-14,2021-06-30,43,45,34
893,2019-06-02,2020-01-04,63,71,11
894,2018-12-13,2020-05-18,31,79,16
895,2019-09-04,2020-05-30,79,49,89
896,2019-04-01,2020-10-16,85,17,70
897,2020-01-01,2020-10-08,39,65,56
898,2018-10-21,2019-11-01,41,2,21
899,2019-10-29,2019-11-02,39,22,7
900,2020-07-05,2020-11-29,60,71,96
901,2019-02-12,2020-09-24,84,93,79
902,2019-12-26,2020-03-11,99,51,85
903,2018-08-14,2020-03-28,39,69,90
904,2019-06-01,2021-06-04,74,73,51
905,2020-05-26,2021-01-08,58,56,90
906,2020-03-30,2020-08-25,80,1,20
907,2018-11-02,2019-05-09,92,6,96
908,2020-03-01,2021-05-02,80,41,85
909,2019-07-06,2020-03-17,84,24,57
910,2019-10-18,2021-05-15,42,39,79
911,2019-09-22,2020-11-30,53,93,40
912,2018-12-30,2020-05-04,83,71,92
913,2019-05-04,2021-03-22,62,13,5
914,2019-05-04,2021-05-27,62,72,55
915,2020-07-22,2020-11-16,60,60,91
916,2018-08-17,2021-03-21,99,24,55
917,2019-11-21,2020-11-28,67,56,31
918,2019-08-25,2021-03-27,45,25,6
919,2019-11-25,2020-07-19,35,6,62
920,2020-06-13,2020-11-22,99,63,79
921,2019-05-03,2021-05-03,65,63,81
922,2020-05-06,2020-05-17,96,64,60
923,2018-09-02,2020-04-15,56,92,22
924,2018-12-20,2021-06-26,96,1,58
925,2018-08-28,2018-09-12,88,4,74
926,2020-01-21,2020-12-27,83,6,36
927,2019-11-26,2020-10-31,94,32,73
928,2020-05-25,2020-07-06,49,4,78
929,2019-12-03,2019-12-18,69,72,62
930,2019-05-21,2020-12-15,52,50,51
931,2019-10-27,2021-01-05,95,34,35
932,2018-12-07,2020-11-18,84,86,23
933,2018-09-28,2021-06-26,66,70,30
934,2019-07-28,2019-08-29,72,47,9
935,2018-12-21,2019-04-10,78,40,37
936,2019-08-13,2020-05-11,48,4,0
937,2020-03-19,2021-05-31,47,86,94
938,2019-08-13,2021-06-23,76,18,62
939,2020-05-04,2020-12-15,56,31,75
940,2019-05-12,2020-03-20,77,9,24
941,2020-03-24,2021-03-28,76,17,49
942,2019-03-09,2020-08-24,92,19,77
943,2019-03-01,2019-10-12,56,48,23
944,2019-05-08,2020-06-01,94,68,85
945,2019-08-19,2021-04-12,36,82,55
946,2019-04-22,2019-07-18,57,65,50
947,2019-07-21,2019-09-08,58,66,45
948,2019-02-22,2021-01-28,76,57,31
949,2020-03-02,2020-06-14,40,26,63
950,2019-08-02,2020-05-13,68,60,77
951,2018-10-05,2019-11-19,79,89,52
952,2020-06-03,2020-10-27,48,31,62
953,2019-06-17,2020-11-10,63,42,77
954,2020-03-12,2020-04-29,49,52,82
955,2018-08-23,2021-06-03,67,9,81
956,2018-10-05,2020-01-26,73,96,0
957,2019-11-19,2020-07-26,59,83,61
958,2019-07-03,2020-11-14,70,7,0
959,2019-10-05,2021-03-02,45,52,90
960,2018-12-04,2021-01-28,68,32,71
961,2019-05-11,2020-04-05,51,91,25
962,2019-08-05,2019-09-19,71,94,68
963,2019-06-26,2020-01-31,31,74,68
964,2020-04-08,2021-04-27,35,80,48
965,2019-03-13,2020-07-15,80,90,34
966,2018-09-09,2019-11-06,45,97,10
967,2020-02-08,2020-02-14,30,20,10
968,2020-02-04,2020-03-18,69,38,21
969,2020-03-09,2020-05-10,76,5,72
970,2019-11-28,2020-08-09,42,99,16
971,2020-05-11,2020-11-02,57,6,55
972,2019-03-07,2020-12-07,78,86,74
973,2019-05-23,2019-07-18,59,63,39
974,2020-01-06,2020-03-19,92,11,39
975,2019-08-09,2021-01-08,85,34,72
976,2018-08-19,2019-09-01,62,42,52
977,2020-07-31,2020-10-04,70,14,39
978,2019-01-19,2021-05-19,37,1,17
979,2018-09-26,2020-02-29,36,61,0
980,2019-08-08,2020-05-25,98,78,39
981,2019-05-10,2019-12-27,34,73,40
982,2019-06-30,2019-11-30,94,1,24
983,2020-05-30,2020-07-23,53,26,28
984,2020-03-14,2021-04-16,69,1,63
985,2019-01-06,2019-04-09,45,88,41
986,2019-01-21,2020-02-20,32,15,14
987,2019-07-14,2020-10-02,68,57,57
988,2019-06-04,2020-02-07,51,78,93
989,2019-02-27,2021-01-14,48,94,78
990,2019-02-21,2021-01-08,30,39,21
991,2019-10-19,2021-04-14,97,94,88
992,2019-07-30,2019-10-06,66,66,27
993,2020-04-19,2020-07-07,66,66,91
994,2019-04-05,2019-09-07,40,96,91
995,2020-07-05,2021-07-14,86,76,65
996,2019-09-03,2021-07-18,85,51,46
997,2018-11-04,2019-02-16,93,45,78
998,2018-12-25,2021-08-03,70,81,76
999,2020-05-11,2021-06-07,69,60,36
1000,2018-08-27,2019-07-08,37,43,75
1001,2020-07-21,2021-08-11,86,8,10
1002,2020-06-27,2021-04-15,83,45,27
1003,2020-02-16,2020-03-07,60,80,4
1004,2019-12-25,2020-08-08,69,65,11
1005,2018-09-04,2018-10-16,53,64,18
1006,2019-01-22,2021-07-20,80,71,58
1007,2019-08-27,2021-02-12,93,72,52
1008,2020-01-15,2021-03-31,69,57,10
1009,2020-07-28,2020-11-30,74,98,49
1010,2020-05-25,2021-06-04,55,57,86
1011,2019-06-21,2019-07-30,44,67,14
1012,2019-11-18,2020-03-05,47,90,38
1013,2020-04-14,2021-06-25,80,27,9
1014,2020-02-09,2021-07-17,66,24,42
1015,2020-05-20,2020-12-14,95,91,24
1016,2019-12-21,2021-06-20,52,4,55
1017,2019-12-07,2021-02-16,68,61,22
1018,2019-01-27,2019-10-23,64,56,20
1019,2018-12-15,2020-07-20,35,34,52
1020,2019-05-18,2021-08-08,49,56,30
1021,2019-05-25,2019-07-02,81,31,7
1022,2020-05-11,2021-06-14,74,97,53
1023,2020-02-29,2021-03-09,60,1,64
1024,2019-02-12,2021-02-17,68,47,90
1025,2019-07-15,2021-02-24,52,89,36
1026,2018-10-12,2020-05-03,68,49,55
1027,2020-02-07,2020-12-09,47,51,90
1028,2019-09-16,2020-03-16,36,77,92
1029,2018-08-17,2018-09-19,72,24,7
1030,2019-01-31,2020-03-16,97,49,51
1031,2019-06-22,2020-12-23,86,84,19
1032,2020-03-13,2021-06-02,78,85,70
1033,2020-01-16,2020-03-08,80,54,53
1034,2019-01-25,2019-03-04,91,77,44
1035,2018-08-17,2019-12-30,32,15,83
1036,2019-11-14,2020-09-24,74,37,50
1037,2019-11-06,2021-02-26,97,55,20
1038,2020-07-06,2020-10-31,74,88,26
1039,2018-08-16,2020-12-05,67,7,74
1040,2020-01-04,2020-05-31,97,3,7
1041,2020-05-23,2021-04-08,65,34,82
1042,2020-04-06,2020-08-11,57,44,42
1043,2020-01-29,2020-09-18,41,47,76
1044,2020-07-25,2020-10-11,52,54,8
1045,2019-03-25,2020-04-10,83,44,14
1046,2019-12-19,2021-02-22,73,8,29
1047,2019-12-14,2020-06-06,95,46,20
1048,2018-12-23,2021-02-11,93,50,68
1049,2020-07-16,2020-10-15,60,14,6
1050,2020-08-08,2021-04-08,78,14,42
1051,2019-02-13,2019-08-22,99,76,15
1052,2019-06-28,2021-06-22,66,59,27
1053,2019-08-21,2020-08-24,58,18,56
1054,2018-09-28,2020-07-04,75,86,88
1055,2019-01-16,2019-01-23,64,68,17
1056,2020-03-08,2021-01-05,83,41,5
1057,2020-05-17,2021-04-16,33,22,26
1058,2019-07-12,2019-10-24,49,19,52
1059,2018-08-27,2019-03-30,94,20,18
1060,2019-04-14,2020-02-02,55,99,36
1061,2019-12-09,2020-04-21,84,1,94
1062,2020-05-20,2021-04-14,75,100,89
1063,2019-11-18,2020-07-19,72,93,46
1064,2018-08-30,2018-10-12,99,95,83
1065,2019-08-29,2020-06-25,41,18,13
1066,2019-05-27,2019-08-27,83,65,62
1067,2020-08-01,2020-09-19,80,75,88
1068,2019-09-16,2021-08-04,38,77,11
1069,2019-02-03,2021-01-13,88,49,25
1070,2019-03-25,2020-02-23,43,17,8
1071,2019-06-04,2020-09-30,52,31,49
1072,2019-11-12,2021-01-03,91,73,42
1073,2020-01-27,2020-06-02,94,62,91
1074,2018-10-20,2020-08-09,99,48,79
1075,2020-01-04,2020-08-15,65,79,10
1076,2018-09-30,2019-12-21,98,69,1
1077,2020-04-15,2021-02-24,30,31,0
1078,2019-01-24,2019-05-01,32,58,25
1079,2020-05-21,2020-09-29,33,41,19
1080,2020-05-04,2020-12-23,80,38,95
1081,2019-06-26,2020-02-09,81,10,69
1082,2020-06-15,2020-10-06,44,63,93
1083,2020-04-22,2021-07-17,60,66,44
1084,2018-08-12,2019-06-25,79,47,58
1085,2019-09-16,2021-05-03,78,4,39
1086,2018-09-21,2019-08-13,68,61,62
1087,2020-07-15,2020-09-24,56,31,82
1088,2019-04-24,2021-04-24,89,36,66
1089,2019-12-20,2021-07-23,96,15,63
1090,2019-05-03,2019-07-06,60,20,48
1091,2018-11-18,2021-07-25,70,26,15
1092,2018-11-25,2021-04-17,79,91,46
1093,2019-04-22,2020-02-17,68,73,10
1094,2019-02-15,2019-06-01,93,54,41
1095,2020-07-03,2020-10-03,96,60,96
1096,2019-06-23,2021-08-04,83,80,77
1097,2018-09-01,2020-10-20,80,74,54
1098,2020-01-03,2021-03-26,90,45,49
1099,2019-06-02,2020-03-25,50,64,46
1100,2019-01-14,2019-04-10,41,1,93
1101,2019-02-19,2020-12-22,97,10,66
1102,2020-05-29,2021-01-18,56,67,85
1103,2018-11-20,2020-08-15,42,43,8
1104,2018-08-25,2021-03-30,45,2,87
1105,2018-11-17,2019-11-27,72,77,57
1106,2019-08-28,2021-01-13,47,27,78
1107,2019-10-23,2020-05-28,49,36,57
1108,2019-09-06,2019-11-07,94,58,31
1109,2020-05-23,2020-12-28,38,7,12
1110,2019-10-07,2021-06-01,43,39,23
1111,2020-07-11,2021-06-06,97,95,1
1112,2018-12-15,2020-06-30,82,1,92
1113,2020-08-02,2020-09-17,86,8,6
1114,2019-12-07,2021-01-05,79,90,5
1115,2020-05-16,2021-03-16,42,2,78
1116,2018-08-17,2020-12-28,64,25,17
1117,2019-05-12,2019-10-21,45,53,44
1118,2019-04-08,2019-08-19,74,17,24
1119,2020-04-04,2020-10-14,85,33,78
1120,2019-05-20,2019-10-09,93,19,95
1121,2019-06-19,2020-03-30,75,38,44
1122,2019-01-23,2019-11-16,39,29,76
1123,2019-10-05,2019-12-29,42,83,17
1124,2019-04-20,2019-08-02,46,84,7
1125,2019-12-24,2020-11-22,55,71,23
1126,2020-07-22,2021-05-17,90,53,30
1127,2020-04-06,2020-12-14,75,74,95
1128,2019-08-31,2020-01-19,81,82,95
1129,2020-01-18,2021-03-02,86,4,73
1130,2019-03-05,2021-03-02,60,66,31
1131,2020-01-08,2020-12-06,51,96,19
1132,2018-10-29,2019-07-12,90,31,96
1133,2020-03-22,2021-02-11,72,87,0
1134,2019-03-14,2020-03-15,78,45,71
1135,2019-05-31,2021-02-21,34,49,20
1136,2019-07-10,2020-10-15,54,65,10
1137,2019-03-22,2020-03-23,60,82,40
1138,2019-10-07,2019-12-05,38,93,78
1139,2019-07-05,2019-11-21,55,33,85
1140,2019-07-16,2021-04-14,36,24,21
1141,2019-11-02,2019-12-15,88,56,62
1142,2020-05-17,2020-08-05,48,14,48
1143,2019-01-20,2020-05-23,72,48,81
1144,2019-09-12,2020-02-14,52,66,42
1145,2019-08-26,2021-07-02,79,78,19
1146,2018-12-14,2021-06-19,45,83,95
1147,2019-01-22,2020-08-30,59,83,46
1148,2020-01-08,2021-05-05,85,56,43
1149,2020-01-31,2020-02-04,54,85,54
1150,2018-10-30,2018-12-30,76,18,83
1151,2019-05-29,2019-12-22,51,95,1
1152,2019-11-15,2020-07-25,38,17,15
1153,2019-11-17,2021-04-01,97,20,20
1154,2019-12-29,2020-07-21,96,63,98
1155,2018-09-01,2019-10-26,82,61,53
1156,2019-08-17,2020-01-23,30,49,32
1157,2019-08-20,2020-01-29,58,73,59
1158,2019-05-10,2021-06-30,94,71,5
1159,2020-03-20,2020-04-18,88,59,29
1160,2018-08-24,2018-11-25,30,64,2
1161,2019-08-18,2019-12-25,68,88,18
1162,2018-08-22,2021-07-03,73,14,93
1163,2019-05-12,2020-05-16,85,63,82
1164,2020-01-11,2020-02-27,75,46,44
1165,2020-06-04,2020-09-25,56,26,93
1166,2019-05-08,2020-07-30,38,74,57
1167,2019-05-01,2019-06-05,57,45,4
1168,2019-11-14,2020-06-18,66,87,33
1169,2019-12-10,2020-05-17,50,2,95
1170,2018-11-27,2021-06-03,98,1,53
1171,2020-07-11,2021-07-27,34,98,62
1172,2018-11-19,2020-12-26,100,48,78
1173,2018-12-27,2020-10-10,87,76,44
1174,2018-12-23,2019-05-06,77,65,9
1175,2019-05-24,2021-03-14,42,17,7
1176,2019-09-21,2020-05-24,87,47,9
1177,2019-07-20,2019-08-27,57,40,56
1178,2019-07-27,2020-07-13,93,45,17
1179,2018-10-31,2019-11-23,77,90,67
1180,2018-08-29,2020-02-16,38,66,28
1181,2019-07-17,2020-10-31,77,53,56
1182,2019-01-31,2021-06-16,32,69,67
1183,2019-12-04,2020-07-19,75,6,25
1184,2019-12-08,2020-12-19,95,18,65
1185,2020-07-14,2020-11-28,81,44,49
1186,2019-07-15,2020-03-31,77,78,6
1187,2019-08-09,2019-11-27,94,84,36
1188,2018-09-19,2018-12-03,45,14,45
1189,2020-06-25,2021-06-25,59,7,92
1190,2019-05-04,2020-02-13,54,54,13
1191,2020-03-02,2021-02-13,82,97,60
1192,2018-12-28,2019-09-07,61,8,37
1193,2020-06-14,2020-10-12,37,69,59
1194,2020-03-11,2021-03-27,83,42,70
1195,2020-06-09,2020-08-06,94,50,62
1196,2020-05-10,2021-01-17,84,37,74
1197,2018-11-05,2019-04-09,78,19,70
1198,2019-11-09,2020-02-02,85,74,67
1199,2019-04-23,2020-01-16,33,3,47
1200,2018-10-12,2020-11-26,52,33,10
1201,2020-03-05,2020-07-03,100,43,22
1202,2019-09-11,2020-02-28,64,70,65
1203,2019-11-07,2020-08-11,37,10,67
1204,2020-03-21,2021-01-09,92,3,64
1205,2020-06-08,2020-12-30,58,69,80
1206,2020-01-08,2021-06-07,60,71,88
1207,2019-04-07,2021-06-11,76,82,52
1208,2020-04-22,2020-04-28,73,6,61
1209,2020-03-21,2021-05-06,48,73,76
1210,2019-03-05,2019-04-16,53,43,29
1211,2018-12-25,2021-01-10,49,69,84
1212,2019-05-26,2021-04-11,92,18,34
1213,2018-11-13,2019-03-10,60,6,13
1214,2018-12-07,2020-08-28,51,50,78
1215,2019-11-14,2020-08-04,54,91,0
1216,2020-02-06,2020-09-08,64,35,31
1217,2019-02-22,2020-10-14,71,22,30
1218,2019-11-03,2021-06-06,88,90,61
1219,2019-10-23,2020-02-17,52,7,54
1220,2019-03-08,2019-04-05,96,100,45
1221,2019-12-16,2020-09-20,48,26,57
1222,2019-04-22,2020-12-16,78,49,50
1223,2019-03-17,2020-04-19,43,51,13
1224,2019-05-27,2021-03-12,46,10,70
1225,2018-09-24,2020-08-11,34,88,35
1226,2019-01-14,2019-11-21,51,60,60
1227,2019-03-25,2021-07-27,35,32,18
1228,2019-11-03,2020-04-27,65,87,14
1229,2018-12-05,2021-03-06,56,3,66
1230,2020-01-11,2020-11-17,33,9,67
1231,2019-09-16,2021-07-12,39,95,89
1232,2020-08-04,2021-03-29,99,93,68
1233,2020-01-24,2021-02-10,57,27,80
1234,2020-04-05,2021-04-21,86,98,41
1235,2019-07-30,2019-08-16,87,77,63
1236,2019-10-31,2021-04-03,89,15,54
1237,2018-12-12,2019-12-15,92,90,7
1238,2019-12-07,2021-05-27,32,29,91
1239,2019-09-06,2019-10-08,53,50,54
1240,2019-10-04,2020-05-13,64,100,0
1241,2019-01-04,2021-03-10,36,44,54
1242,2020-05-13,2021-05-08,46,73,95
1243,2019-07-31,2019-08-30,82,27,74
1244,2020-08-09,2021-06-10,33,84,35
1245,2020-03-27,2021-06-25,88,92,1
1246,2019-01-15,2021-05-20,61,57,78
1247,2019-10-25,2020-06-01,60,58,36
1248,2020-04-06,2020-05-25,67,62,55
1249,2019-03-27,2020-04-27,69,62,55
1250,2018-11-27,2020-02-05,95,77,62
1251,2019-05-02,2019-10-26,49,16,70
1252,2018-12-07,2019-11-05,95,43,5
1253,2019-02-12,2020-12-20,36,57,8
1254,2020-04-21,2021-04-26,37,31,87
1255,2019-02-15,2020-12-07,67,18,53
1256,2018-11-10,2019-12-31,89,32,54
1257,2020-06-15,2020-12-31,48,75,36
1258,2019-05-02,2020-07-19,82,15,13
1259,2018-11-20,2020-05-04,69,96,26
1260,2019-11-05,2020-12-05,73,17,73
1261,2020-08-03,2020-08-25,100,29,92
1262,2018-12-27,2021-01-07,83,3,48
1263,2019-05-27,2021-01-06,66,85,95
1264,2018-10-02,2021-06-01,44,88,45
1265,2018-11-10,2020-12-27,89,12,18
1266,2019-01-28,2019-04-07,49,13,11
1267,2019-06-28,2021-04-25,86,38,63
1268,2019-08-13,2019-09-12,38,68,18
1269,2019-01-04,2020-03-26,58,65,20
1270,2019-03-02,2019-06-29,35,25,82
1271,2019-05-25,2019-11-30,68,19,10
1272,2019-02-09,2020-02-05,61,89,12
1273,2019-09-13,2020-04-28,96,67,74
1274,2020-02-07,2021-06-12,72,14,42
1275,2020-04-27,2021-06-07,62,92,76
1276,2019-12-19,2020-09-26,34,6,0
1277,2019-06-18,2019-10-03,49,98,81
1278,2019-10-07,2019-11-22,83,78,56
1279,2018-10-09,2020-08-07,39,60,1
1280,2020-07-22,2021-06-13,98,83,37
1281,2019-03-16,2019-09-01,98,16,41
1282,2020-04-23,2021-01-06,39,57,33
1283,2019-12-29,2021-01-25,38,97,76
1284,2019-01-25,2019-06-03,83,66,31
1285,2020-04-18,2020-10-07,40,56,14
1286,2018-08-26,2018-12-30,49,66,13
1287,2019-08-10,2020-02-02,42,88,17
1288,2018-11-18,2019-06-01,41,42,66
1289,2020-04-25,2020-11-20,100,42,79
1290,2019-06-16,2020-07-22,94,43,15
1291,2020-08-08,2021-07-11,35,66,22
1292,2020-04-12,2021-07-01,38,64,35
1293,2019-06-18,2019-10-17,86,42,3
1294,2020-03-04,2021-01-09,95,61,85
1295,2020-04-17,2021-04-11,75,99,98
1296,2018-12-15,2020-03-06,97,83,40
1297,2020-01-14,2021-01-31,50,97,23
1298,2018-09-30,2020-07-10,30,18,48
1299,2019-11-04,2021-02-18,49,83,77
1300,2018-12-21,2021-03-22,57,97,54
1301,2018-09-14,2020-09-02,51,97,18
1302,2020-04-13,2021-03-28,89,94,12
1303,2019-03-24,2021-01-13,74,2,37
1304,2019-11-26,2020-10-14,62,62,71
1305,2018-08-28,2019-01-29,67,52,16
1306,2020-06-01,2020-08-28,34,77,88
1307,2020-02-27,2021-01-12,51,1,77
1308,2019-11-10,2020-03-11,57,82,3
1309,2019-03-15,2020-02-17,63,16,53
1310,2019-04-04,2021-06-04,31,4,91
1311,2018-11-01,2020-01-01,74,48,5
1312,2019-03-23,2021-05-31,53,38,12
1313,2019-05-31,2020-06-28,58,48,17
1314,2020-01-24,2021-06-13,69,12,2
1315,2018-12-15,2020-12-02,76,91,47
1316,2019-09-01,2020-02-10,55,94,71
1317,2018-11-17,2018-11-19,82,40,83
1318,2018-09-08,2020-01-29,69,32,58
1319,2019-10-22,2019-11-10,98,58,65
1320,2018-09-30,2020-09-16,85,48,34
1321,2019-10-06,2020-02-02,48,96,93
1322,2019-06-20,2020-07-17,34,33,62
1323,2019-07-08,2021-04-14,42,48,10
1324,2019-10-20,2020-05-22,54,6,93
1325,2019-02-26,2021-04-08,44,66,17
1326,2019-04-04,2020-12-17,100,93,53
1327,2019-07-04,2020-10-24,93,44,4
1328,2019-06-13,2021-06-04,84,87,38
1329,2019-08-16,2021-05-22,63,100,38
1330,2018-12-09,2020-07-02,80,79,45
1331,2019-01-31,2020-06-04,95,49,34
1332,2020-04-01,2020-09-13,33,94,1
1333,2019-12-07,2021-04-20,89,30,8
1334,2020-08-01,2020-10-09,34,26,61
1335,2019-07-10,2019-07-30,51,64,68
1336,2019-05-16,2020-02-06,55,93,63
1337,2018-10-07,2019-01-20,51,28,13
1338,2019-10-01,2021-07-08,47,45,59
1339,2018-09-15,2019-03-16,38,17,42
1340,2020-02-22,2021-07-06,48,97,26
1341,2018-12-26,2019-12-04,45,79,0
1342,2020-01-28,2020-09-05,36,5,38
1343,2020-02-23,2020-07-28,98,94,96
1344,2019-09-20,2021-03-18,81,77,1
1345,2020-04-01,2020-11-14,36,38,13
1346,2019-04-25,2020-05-19,84,49,91
1347,2019-11-18,2019-11-19,46,98,9
1348,2020-04-24,2021-07-09,35,66,21
1349,2018-08-18,2020-10-05,31,63,46
1350,2018-10-27,2020-08-09,34,73,11
1351,2019-09-15,2021-02-08,42,86,8
1352,2020-05-05,2020-09-09,62,67,95
1353,2020-03-07,2021-06-16,31,39,51
1354,2019-03-09,2020-12-05,42,65,44
1355,2018-12-18,2020-10-10,95,45,63
1356,2018-08-24,2019-05-15,59,81,93
1357,2018-12-13,2021-06-28,47,24,43
1358,2020-05-28,2020-11-13,49,52,47
1359,2019-04-11,2021-08-08,44,40,22
1360,2020-01-08,2020-11-01,55,94,28
1361,2019-04-07,2019-09-05,79,69,79
1362,2020-07-20,2020-12-13,59,54,4
1363,2018-10-10,2020-02-17,73,31,16
1364,2018-10-12,2019-09-18,54,33,0
1365,2019-07-31,2019-08-28,50,46,39
1366,2020-02-01,2020-07-03,38,45,17
1367,2019-07-29,2019-10-30,79,22,50
1368,2019-09-24,2020-09-07,93,23,97
1369,2018-11-09,2020-10-12,68,81,41
1370,2018-08-14,2018-12-24,89,85,86
1371,2019-02-08,2021-02-10,45,55,84
1372,2019-03-23,2019-11-16,56,93,16
1373,2018-12-09,2021-04-13,68,27,17
1374,2018-11-29,2019-03-27,91,98,50
1375,2019-02-03,2020-10-17,79,27,53
1376,2019-02-01,2021-05-15,94,95,88
1377,2019-04-11,2021-06-02,54,48,25
1378,2020-03-10,2020-06-12,74,16,56
1379,2020-06-09,2020-07-20,40,64,16
1380,2019-06-23,2020-02-04,64,69,48
1381,2019-03-30,2020-05-21,46,100,97
1382,2018-11-13,2018-11-22,62,57,47
1383,2018-11-27,2020-12-07,58,55,95
1384,2019-12-09,2021-03-09,70,90,36
1385,2018-10-08,2020-07-01,39,34,48
1386,2020-08-07,2021-04-27,73,89,35
1387,2018-08-21,2019-05-29,48,37,64
1388,2019-07-01,2020-09-25,74,28,65
1389,2018-12-18,2020-09-11,67,53,4
1390,2019-05-17,2020-06-19,88,55,31
1391,2019-02-07,2019-12-11,59,90,43
1392,2020-08-01,2020-10-15,77,75,71
1393,2019-12-29,2021-06-03,37,91,90
1394,2019-02-05,2019-02-15,56,13,92
1395,2019-11-24,2020-08-23,85,12,11
1396,2018-10-20,2019-12-26,34,93,33
1397,2019-06-01,2020-02-20,79,95,91
1398,2020-04-18,2020-12-30,35,15,48
1399,2020-04-24,2021-04-27,94,87,57
1400,2020-01-24,2020-11-13,88,23,41
1401,2019-06-30,2020-12-27,36,68,35
1402,2019-06-08,2019-06-18,69,93,90
1403,2019-06-19,2019-06-30,95,95,35
1404,2019-06-19,2019-11-27,99,74,63
1405,2018-12-07,2020-10-25,81,78,79
1406,2019-10-23,2020-07-16,30,85,46
1407,2018-12-13,2021-04-22,53,33,13
1408,2020-05-23,2020-12-19,56,8,56
1409,2020-03-06,2020-12-16,100,12,29
1410,2018-09-19,2021-04-23,31,52,47
1411,2020-03-13,2020-08-27,76,3,92
1412,2019-02-22,2019-03-04,86,93,74
1413,2020-01-14,2020-12-22,48,10,57
1414,2019-11-28,2020-06-14,50,40,65
1415,2018-11-28,2020-06-28,83,5,77
1416,2020-08-08,2021-02-01,50,53,23
1417,2018-10-15,2020-12-13,36,45,74
1418,2018-10-07,2019-06-07,77,94,39
1419,2019-07-02,2020-08-10,93,36,11
1420,2018-11-27,2020-10-29,86,16,63
1421,2018-09-08,2020-11-11,90,56,30
1422,2019-01-31,2021-07-04,67,95,82
1423,2019-08-24,2020-06-22,63,78,98
1424,2020-06-18,2021-03-20,32,13,78
1425,2020-05-30,2021-05-17,57,63,76
1426,2019-02-11,2021-07-14,99,57,73
1427,2018-12-27,2020-12-26,65,53,30
1428,2020-02-15,2020-11-12,60,62,60
1429,2020-03-14,2021-07-16,30,13,23
1430,2019-09-27,2019-10-25,88,33,35
1431,2020-01-04,2020-02-20,40,30,92
1432,2018-10-23,2020-12-31,93,69,12
1433,2019-09-16,2021-03-20,53,47,93
1434,2020-01-26,2020-11-26,61,54,11
1435,2020-03-27,2020-12-15,36,65,78
1436,2020-03-10,2021-06-12,48,22,67
1437,2019-12-13,2020-06-09,44,45,74
1438,2020-03-19,2020-10-13,84,74,20
1439,2019-01-06,2020-12-24,63,5,8
1440,2019-12-19,2021-02-26,75,20,14
1441,2019-03-26,2019-04-22,41,93,57
1442,2018-08-18,2020-02-25,62,10,49
1443,2020-05-25,2020-10-26,100,68,40
1444,2020-04-01,2021-02-02,80,47,32
1445,2019-03-10,2020-12-07,78,18,60
1446,2019-09-13,2020-02-25,51,4,19
1447,2019-07-18,2020-12-16,78,36,66
1448,2020-05-02,2021-02-10,48,67,20
1449,2019-02-18,2020-11-07,64,38,76
1450,2019-06-21,2019-07-12,74,48,32
1451,2019-02-28,2021-01-06,37,54,22
1452,2019-07-11,2020-08-04,63,15,27
1453,2019-04-30,2019-10-18,62,80,98
1454,2020-05-14,2020-12-27,62,20,78
1455,2018-10-12,2019-04-30,50,82,13
1456,2019-07-12,2021-02-01,95,85,10
1457,2019-07-21,2020-09-25,89,96,13
1458,2020-06-26,2021-01-07,81,78,57
1459,2019-07-06,2020-05-30,34,53,37
1460,2020-03-08,2021-06-27,83,54,37
1461,2019-05-26,2021-02-11,45,13,69
1462,2019-02-06,2020-01-12,84,14,46
1463,2019-11-24,2020-04-24,70,36,11
1464,2019-01-30,2020-10-06,40,17,63
1465,2018-11-02,2021-05-06,81,26,84
1466,2019-01-28,2019-11-21,89,11,12
1467,2020-06-27,2021-01-12,73,4,61
1468,2019-10-18,2020-12-20,76,55,17
1469,2020-03-20,2020-12-09,37,17,56
1470,2018-09-03,2021-03-10,37,70,87
1471,2020-04-26,2020-07-16,82,47,36
1472,2018-09-06,2021-04-14,30,75,64
1473,2019-03-09,2020-07-02,88,98,36
1474,2019-10-13,2020-05-11,81,57,49
1475,2020-02-10,2020-07-25,98,93,38
1476,2020-06-12,2020-07-11,97,77,25
1477,2020-05-27,2020-11-11,67,32,87
1478,2020-06-30,2021-04-21,32,61,63
1479,2018-09-06,2021-02-28,92,68,35
1480,2020-03-10,2021-01-06,60,71,19
1481,2020-05-03,2020-10-28,62,75,96
1482,2020-02-08,2020-05-08,48,16,3
1483,2020-02-10,2021-04-26,77,78,65
1484,2019-05-21,2021-03-04,95,46,35
1485,2018-08-12,2019-06-26,71,25,81
1486,2020-06-21,2021-07-09,83,71,89
1487,2018-08-23,2019-05-17,98,70,90
1488,2019-04-29,2019-06-24,90,26,38
1489,2018-12-06,2019-09-02,84,52,44
1490,2020-06-15,2020-11-18,54,59,65
1491,2019-10-12,2019-11-07,46,97,40
1492,2019-08-10,2020-08-16,76,57,5
1493,2019-08-14,2021-06-15,99,66,30
1494,2019-07-16,2019-08-11,82,38,75
1495,2020-03-05,2020-07-10,47,7,50
1496,2020-02-22,2020-11-05,38,33,50
1497,2020-01-13,2020-09-24,35,8,55
1498,2020-04-09,2021-05-13,54,94,15
1499,2020-08-06,2021-01-14,41,32,14
1500,2018-11-19,2021-01-10,93,14,67
1501,2019-03-26,2021-07-25,76,61,79
1502,2019-09-21,2020-07-02,54,24,27
1503,2018-12-27,2020-09-07,43,12,84
1504,2018-12-26,2020-10-05,55,19,41
1505,2019-11-14,2021-03-31,73,57,87
1506,2019-07-02,2021-02-06,45,39,6
1507,2018-11-12,2019-10-15,39,52,10
1508,2018-09-27,2019-06-30,61,49,96
1509,2019-11-23,2020-09-26,98,28,47
1510,2019-07-05,2019-08-08,67,1,47
1511,2018-11-08,2019-12-03,93,72,67
1512,2019-10-12,2021-05-21,66,38,57
1513,2019-06-24,2020-02-28,84,13,22
1514,2018-09-08,2020-01-02,44,71,69
1515,2018-12-07,2020-06-29,83,91,84
1516,2019-07-16,2021-07-22,68,56,62
1517,2020-04-08,2021-03-21,93,49,79
1518,2019-06-17,2021-01-31,36,54,9
1519,2019-07-24,2020-02-15,71,92,34
1520,2019-03-11,2019-11-20,73,92,37
1521,2019-05-22,2019-10-05,96,50,11
1522,2019-02-08,2020-09-07,86,38,29
1523,2020-01-04,2021-03-02,34,83,10
1524,2019-08-20,2021-01-14,65,18,90
1525,2019-12-09,2020-01-10,30,96,93
1526,2019-08-12,2020-12-27,46,53,9
1527,2020-02-05,2020-04-10,45,10,20
1528,2019-06-04,2020-04-19,94,35,59
1529,2020-04-01,2020-04-15,65,25,22
1530,2020-07-08,2021-01-11,90,52,34
1531,2020-07-25,2021-06-29,53,66,44
1532,2020-05-17,2021-02-17,86,12,74
1533,2019-11-04,2021-07-03,38,83,27
1534,2019-09-28,2019-12-20,87,56,41
1535,2018-11-13,2019-06-29,83,41,34
1536,2018-11-29,2019-08-18,56,56,73
1537,2018-12-12,2020-06-22,66,47,6
1538,2020-05-17,2020-10-20,66,49,3
1539,2019-03-23,2020-09-08,91,71,84
1540,2020-01-14,2020-06-16,76,31,0
1541,2019-03-10,2020-06-24,92,27,16
1542,2019-04-02,2020-07-16,32,27,70
1543,2020-07-09,2021-05-13,30,68,19
1544,2019-11-24,2020-05-17,64,2,22
1545,2018-08-15,2019-04-12,69,32,31
1546,2020-04-04,2020-11-02,88,75,66
1547,2018-08-19,2020-06-25,69,60,32
1548,2018-09-21,2020-07-14,56,92,14
1549,2020-02-10,2021-03-16,42,5,29
1550,2018-09-15,2020-09-15,65,50,39
1551,2018-09-05,2020-07-02,51,11,30
1552,2019-03-29,2020-06-19,93,4,11
1553,2020-07-10,2021-01-18,79,70,14
1554,2019-07-18,2020-05-05,89,70,44
1555,2019-12-31,2020-07-31,61,65,43
1556,2019-01-12,2019-12-07,66,77,86
1557,2018-08-18,2021-06-06,91,8,66
1558,2019-11-23,2020-08-01,66,18,29
1559,2020-05-04,2021-05-19,70,23,84
1560,2019-08-05,2021-02-28,89,33,72
1561,2018-09-27,2020-01-12,68,50,44
1562,2020-06-24,2020-12-26,86,35,61
1563,2019-03-07,2020-01-07,84,32,53
1564,2019-09-29,2021-02-14,32,13,27
1565,2019-08-15,2019-11-02,81,29,67
1566,2020-01-21,2021-02-27,41,76,97
1567,2020-07-09,2021-01-11,80,90,81
1568,2019-03-05,2021-01-10,100,57,63
1569,2020-05-28,2021-01-05,54,41,71
1570,2019-09-01,2020-04-04,62,86,87
1571,2019-11-23,2020-04-21,59,52,66
1572,2019-07-04,2021-06-21,44,55,49
1573,2019-11-27,2021-03-08,65,76,23
1574,2020-07-17,2021-07-19,64,66,10
1575,2020-04-23,2021-07-15,56,43,47
1576,2020-07-16,2020-11-20,59,1,7
1577,2020-07-18,2021-06-28,31,50,52
1578,2020-03-03,2020-07-27,72,38,6
1579,2020-06-14,2020-12-20,60,11,62
1580,2019-01-29,2021-06-01,56,64,93
1581,2018-11-21,2020-06-30,50,26,14
1582,2020-02-27,2020-11-23,52,95,56
1583,2018-08-26,2021-04-13,92,68,83
1584,2019-06-14,2020-09-18,50,93,66
1585,2019-06-13,2020-03-29,94,19,0
1586,2019-05-21,2020-03-01,42,42,72
1587,2020-08-04,2020-12-07,46,9,66
1588,2020-03-07,2021-04-05,39,16,76
1589,2019-09-14,2020-06-03,62,27,69
1590,2019-05-15,2019-12-06,94,14,82
1591,2019-01-30,2019-04-27,71,1,95
1592,2019-05-08,2019-10-30,98,79,92
1593,2019-04-28,2020-06-07,69,69,20
1594,2019-09-24,2020-05-30,94,39,64
1595,2018-12-08,2018-12-13,35,10,1
1596,2020-04-02,2021-02-19,80,66,68
1597,2019-04-22,2021-05-15,48,18,25
1598,2018-09-28,2020-09-21,47,36,17
1599,2019-04-08,2020-06-10,62,46,69
1600,2019-11-06,2021-03-22,32,90,24
1601,2019-06-26,2020-01-06,58,54,27
1602,2020-03-03,2020-09-15,80,95,76
1603,2020-03-30,2020-05-23,68,68,96
1604,2018-08-23,2020-06-14,36,53,17
1605,2019-04-12,2020-10-22,74,42,59
1606,2019-11-24,2020-06-17,34,47,58
1607,2020-02-16,2020-10-19,96,87,78
1608,2018-08-17,2019-07-29,66,16,56
1609,2019-12-14,2021-05-11,82,54,80
1610,2020-03-21,2021-07-29,93,3,75
1611,2020-05-01,2020-08-07,54,92,68
1612,2019-07-13,2020-04-10,94,62,70
1613,2020-05-27,2020-09-09,72,98,34
1614,2019-07-13,2020-11-11,98,12,36
1615,2018-12-14,2021-03-11,36,19,58
1616,2018-11-22,2019-09-24,100,17,88
1617,2018-12-09,2020-07-21,50,11,25
1618,2019-06-01,2020-09-26,71,85,93
1619,2020-06-03,2020-07-17,100,36,8
1620,2018-12-24,2020-04-30,99,70,46
1621,2019-11-15,2020-02-11,42,81,70
1622,2020-05-03,2021-05-12,93,2,69
1623,2020-01-29,2020-07-01,49,62,30
1624,2019-11-16,2021-01-22,48,36,41
1625,2019-09-16,2020-08-02,44,35,57
1626,2018-12-27,2021-07-02,61,21,47
1627,2019-07-23,2020-04-18,59,75,65
1628,2019-07-03,2020-05-05,57,58,55
1629,2019-09-30,2020-08-03,83,46,13
1630,2018-10-18,2019-07-26,67,56,90
1631,2019-09-05,2021-01-24,36,71,71
1632,2020-03-07,2021-08-06,33,1,89
1633,2018-12-27,2021-03-01,88,56,58
1634,2019-08-17,2020-11-27,43,48,94
1635,2019-03-01,2020-10-13,33,38,35
1636,2020-01-17,2020-11-03,55,10,89
1637,2018-09-27,2020-10-30,57,50,25
1638,2019-04-16,2021-04-10,81,70,84
1639,2019-01-27,2020-04-08,48,8,69
1640,2020-04-13,2021-02-28,39,29,29
1641,2019-01-25,2019-09-05,99,47,93
1642,2020-02-04,2021-07-11,31,54,69
1643,2020-02-15,2020-03-09,41,58,4
1644,2019-05-30,2021-02-24,88,69,85
1645,2019-04-20,2020-12-19,84,14,54
1646,2020-01-29,2020-09-01,56,43,95
1647,2019-11-08,2021-04-23,52,51,57
1648,2018-08-28,2021-02-18,82,35,11
1649,2018-08-15,2019-01-05,32,58,49
1650,2019-09-05,2020-08-07,56,33,63
1651,2019-03-05,2021-01-04,89,92,21
1652,2020-07-28,2020-10-31,47,48,97
1653,2019-03-26,2021-07-12,63,33,25
1654,2019-08-13,2020-11-23,43,94,43
1655,2020-02-23,2020-04-30,90,98,76
1656,2020-06-14,2021-03-18,52,34,27
1657,2018-09-10,2021-01-31,93,56,37
1658,2019-08-12,2019-10-01,58,90,71
1659,2019-09-30,2021-05-18,31,83,87
1660,2019-01-20,2021-06-25,99,3,28
1661,2020-08-07,2021-04-23,64,38,30
1662,2019-04-02,2020-04-10,42,62,65
1663,2020-02-04,2021-01-23,77,56,33
1664,2018-09-10,2020-12-13,67,81,77
1665,2019-03-20,2019-05-10,72,13,63
1666,2019-12-26,2020-02-20,59,14,51
1667,2019-08-26,2019-10-14,89,34,86
1668,2019-07-14,2021-05-26,61,45,42
1669,2019-03-01,2020-08-03,55,9,54
1670,2020-07-03,2020-12-03,33,26,62
1671,2020-02-14,2020-02-17,72,37,60
1672,2020-07-20,2020-08-30,90,29,91
1673,2019-06-19,2019-12-05,92,85,94
1674,2020-06-14,2020-07-12,95,98,56
1675,2020-01-07,2020-05-08,100,34,82
1676,2018-12-10,2020-01-24,94,98,62
1677,2020-07-08,2020-09-17,88,71,81
1678,2018-12-22,2021-02-08,99,15,70
1679,2018-11-20,2019-01-15,49,32,6
1680,2019-12-17,2020-12-22,95,62,80
1681,2018-11-16,2020-11-17,89,75,62
1682,2019-07-05,2019-10-24,76,9,70
1683,2019-08-21,2021-03-26,83,13,33
1684,2019-05-26,2019-11-28,78,31,71
1685,2018-12-28,2019-08-25,40,5,10
1686,2019-09-19,2020-03-13,53,96,4
1687,2019-08-18,2021-07-13,40,65,5
1688,2018-11-16,2021-06-02,81,79,24
1689,2019-01-30,2020-10-09,75,38,22
1690,2019-08-01,2020-09-04,94,5,26
1691,2019-04-29,2021-02-19,64,9,25
1692,2018-09-11,2019-07-01,99,15,90
1693,2020-02-05,2020-09-01,37,24,70
1694,2019-02-26,2019-06-13,39,55,93
1695,2019-05-07,2020-09-23,71,98,45
1696,2020-06-09,2020-09-30,88,64,49
1697,2019-02-03,2019-05-17,89,73,68
1698,2019-04-12,2020-09-23,51,32,94
1699,2018-09-07,2021-05-06,88,67,55
1700,2019-05-08,2020-09-22,37,21,98
1701,2020-01-09,2020-06-22,49,53,35
1702,2019-03-29,2019-12-27,60,34,87
1703,2018-11-17,2019-07-01,49,71,40
1704,2019-03-13,2021-06-26,75,40,89
1705,2019-08-22,2019-09-27,49,29,33
1706,2019-06-14,2021-06-06,41,9,53
1707,2019-02-07,2020-07-20,54,94,82
1708,2020-07-15,2021-02-12,37,75,8
1709,2020-01-08,2020-06-09,31,35,61
1710,2020-01-11,2021-03-05,89,32,77
1711,2020-03-02,2020-12-15,51,90,81
1712,2020-05-06,2020-05-11,61,46,98
1713,2018-09-27,2019-09-03,87,31,54
1714,2019-02-19,2020-02-02,44,3,1
1715,2020-06-09,2020-10-21,98,86,29
1716,2020-01-30,2021-03-25,31,15,11
1717,2019-06-14,2020-05-15,49,73,11
1718,2019-12-13,2020-10-12,59,94,43
1719,2019-11-27,2020-06-05,84,68,29
1720,2019-07-25,2020-04-20,38,86,92
1721,2019-03-22,2020-10-20,48,89,70
1722,2020-03-16,2021-06-14,31,14,20
1723,2019-09-15,2021-08-09,94,3,4
1724,2018-12-13,2020-04-23,63,27,33
1725,2019-07-19,2020-02-05,72,14,38
1726,2019-11-30,2020-12-10,78,7,18
1727,2018-12-03,2021-03-26,84,86,97
1728,2019-11-03,2020-01-09,77,59,16
1729,2020-04-09,2020-09-11,47,34,98
1730,2019-02-02,2020-06-28,70,87,0
1731,2018-09-14,2020-02-24,46,66,96
1732,2020-02-13,2020-04-05,56,19,78
1733,2018-11-14,2019-09-20,93,27,7
1734,2019-07-05,2020-04-14,70,12,41
1735,2018-12-23,2021-03-26,100,30,62
1736,2018-10-26,2021-04-12,69,33,9
1737,2018-12-11,2020-07-07,98,75,16
1738,2019-12-02,2020-02-01,66,43,10
1739,2020-01-22,2020-03-19,95,67,72
1740,2020-07-12,2020-09-12,48,77,74
1741,2019-07-14,2021-04-21,51,97,2
1742,2020-02-26,2020-11-20,95,58,44
1743,2018-11-03,2020-08-28,35,80,73
1744,2019-09-06,2020-07-31,84,100,9
1745,2019-01-17,2020-05-13,57,35,0
1746,2019-12-03,2020-04-13,84,80,79
1747,2020-07-13,2020-07-21,37,89,19
1748,2018-10-06,2019-03-24,44,1,89
1749,2019-02-24,2020-12-07,30,92,55
1750,2019-09-12,2021-06-03,96,38,97
1751,2020-02-15,2021-07-17,37,47,46
1752,2019-02-26,2021-03-10,97,9,90
1753,2019-05-16,2019-10-03,44,99,23
1754,2018-09-20,2020-07-19,81,8,42
1755,2019-05-20,2020-04-27,37,58,95
1756,2019-03-11,2019-09-16,85,68,76
1757,2019-12-09,2021-05-11,57,12,35
1758,2019-09-27,2020-08-25,91,63,14
1759,2018-11-16,2021-04-04,84,75,36
1760,2020-01-18,2020-07-02,36,24,67
1761,2020-07-16,2020-10-31,95,89,67
1762,2018-08-24,2019-05-18,75,68,64
1763,2020-05-26,2021-07-09,77,5,53
1764,2019-08-30,2020-12-18,84,20,26
1765,2019-04-01,2020-04-30,61,8,96
1766,2020-02-06,2020-04-27,84,21,71
1767,2018-10-30,2021-02-14,36,5,51
1768,2020-01-21,2020-12-15,42,9,55
1769,2019-05-03,2021-04-16,87,45,9
1770,2019-11-30,2019-12-12,54,3,14
1771,2018-10-18,2019-03-29,88,53,37
1772,2019-12-07,2020-01-16,93,33,23
1773,2020-07-23,2020-11-16,48,38,20
1774,2018-11-09,2019-10-18,37,3,81
1775,2020-08-07,2021-05-29,65,94,39
1776,2019-08-03,2020-04-20,51,64,82
1777,2018-12-02,2019-12-10,44,97,56
1778,2019-10-11,2021-05-24,45,64,97
1779,2020-08-07,2020-09-23,50,93,20
1780,2020-04-11,2021-06-05,97,5,10
1781,2019-04-30,2020-10-23,74,22,47
1782,2019-11-03,2021-05-22,35,61,45
1783,2020-04-24,2020-08-01,49,28,26
1784,2018-11-21,2018-12-08,43,55,38
1785,2019-04-09,2021-03-11,32,45,21
1786,2019-07-09,2019-12-24,52,59,87
1787,2019-05-04,2021-08-07,31,89,22
1788,2020-06-09,2020-07-31,82,23,40
1789,2020-07-17,2021-03-11,80,52,82
1790,2020-05-11,2020-05-19,100,10,83
1791,2018-09-11,2019-04-13,40,36,73
1792,2020-04-30,2020-10-23,63,87,48
1793,2020-01-12,2020-09-24,81,49,52
1794,2018-11-11,2019-08-23,83,25,73
1795,2020-03-25,2020-05-13,58,59,12
1796,2018-08-16,2020-03-10,69,30,2
1797,2019-05-29,2019-08-10,39,51,15
1798,2020-03-13,2020-07-02,91,3,19
1799,2020-02-23,2021-06-03,81,65,88
1800,2019-01-06,2019-10-11,59,30,13
1801,2020-03-02,2020-03-30,83,63,55
1802,2019-10-18,2020-06-18,65,22,72
1803,2018-10-22,2021-02-14,48,75,49
1804,2019-02-10,2019-02-13,93,11,16
1805,2019-08-16,2020-05-14,57,71,35
1806,2019-11-21,2021-01-30,73,48,93
1807,2018-12-12,2020-12-07,100,62,32
1808,2020-02-06,2021-06-05,81,30,24
1809,2019-03-31,2019-06-17,81,79,96
1810,2020-01-14,2020-10-28,48,84,52
1811,2019-11-13,2020-11-02,55,19,24
1812,2020-03-06,2020-09-03,86,22,94
1813,2019-03-17,2019-04-28,38,17,71
1814,2018-12-27,2020-01-06,81,77,13
1815,2020-07-10,2021-02-20,58,41,72
1816,2019-05-23,2020-10-07,45,78,14
1817,2019-08-05,2021-03-01,33,76,1
1818,2018-08-30,2019-10-18,75,59,27
1819,2019-03-01,2021-02-25,80,83,87
1820,2020-02-26,2020-12-31,76,69,15
1821,2018-11-27,2020-05-18,67,21,79
1822,2018-08-16,2019-11-25,70,17,43
1823,2019-11-16,2020-05-15,65,29,86
1824,2020-06-28,2021-07-02,92,37,28
1825,2019-05-02,2020-12-30,31,63,31
1826,2019-05-01,2020-09-25,54,46,63
1827,2018-10-09,2020-01-28,76,81,2
1828,2020-02-03,2020-02-19,47,34,96
1829,2019-05-13,2020-04-01,54,56,96
1830,2019-06-20,2019-07-19,53,32,48
1831,2020-01-02,2020-03-03,40,32,57
1832,2018-09-07,2018-12-07,50,6,21
1833,2019-04-26,2021-02-15,43,6,11
1834,2020-08-05,2021-04-20,82,94,70
1835,2020-07-01,2021-02-11,63,7,61
1836,2019-01-29,2019-05-18,47,88,89
1837,2019-10-23,2020-06-05,49,25,45
1838,2018-11-28,2019-06-04,92,9,77
1839,2018-08-13,2021-04-25,34,89,48
1840,2019-02-25,2021-03-26,49,43,77
1841,2019-12-28,2020-07-03,82,42,19
1842,2019-03-13,2020-04-03,100,94,81
1843,2019-12-31,2020-08-19,68,59,22
1844,2019-05-18,2020-06-13,58,92,15
1845,2020-05-10,2021-07-18,35,76,49
1846,2019-06-21,2021-06-04,75,95,18
1847,2020-03-21,2021-06-03,78,93,17
1848,2019-11-21,2021-02-20,34,85,65
1849,2020-07-04,2021-04-21,80,23,44
1850,2020-02-29,2020-03-13,61,96,68
1851,2020-02-04,2020-06-15,97,19,1
1852,2018-08-30,2018-11-14,30,44,57
1853,2020-06-15,2020-10-27,71,80,68
1854,2019-05-20,2020-06-26,68,100,2
1855,2019-11-14,2020-04-15,50,86,46
1856,2019-05-03,2021-07-29,60,59,80
1857,2019-01-11,2019-02-04,57,56,90
1858,2019-01-13,2019-01-18,42,8,78
1859,2019-01-13,2021-07-06,82,50,17
1860,2020-01-12,2021-05-08,62,45,33
1861,2019-08-21,2020-11-08,60,78,91
1862,2018-08-24,2018-09-15,36,80,93
1863,2018-09-28,2020-03-23,34,25,10
1864,2020-05-18,2021-01-08,60,13,50
1865,2018-09-22,2020-06-11,68,33,42
1866,2019-11-03,2021-07-02,57,97,83
1867,2019-12-12,2021-03-30,38,66,28
1868,2019-04-21,2021-06-17,40,15,56
1869,2019-11-11,2020-10-16,42,80,11
1870,2018-11-10,2018-12-21,44,65,37
1871,2019-10-15,2020-12-18,51,75,7
1872,2019-02-03,2019-04-07,40,33,92
1873,2019-09-29,2020-04-26,94,53,27
1874,2018-10-24,2019-01-25,40,23,37
1875,2020-07-02,2021-07-20,71,29,81
1876,2020-03-24,2021-02-07,71,86,16
1877,2020-07-28,2021-01-25,70,38,35
1878,2019-04-05,2020-08-08,39,93,15
1879,2018-12-06,2021-04-10,57,75,47
1880,2020-06-19,2021-08-06,42,49,25
1881,2019-09-23,2021-05-16,98,1,55
1882,2019-09-15,2019-10-14,47,29,70
1883,2020-07-26,2020-12-22,97,36,12
1884,2018-11-16,2018-11-19,60,56,32
1885,2018-08-30,2021-02-04,33,26,9
1886,2019-10-23,2020-04-24,66,93,33
1887,2019-06-14,2020-11-21,97,8,96
1888,2018-10-22,2020-03-28,58,30,93
1889,2019-09-27,2020-02-25,74,16,25
1890,2018-10-09,2019-04-05,79,59,87
1891,2019-10-03,2019-12-29,62,69,62
1892,2019-10-24,2021-02-17,57,71,81
1893,2020-03-02,2021-07-04,62,93,10
1894,2020-03-03,2021-05-22,42,37,0
1895,2020-06-17,2020-09-02,59,70,12
1896,2020-08-05,2021-05-28,62,51,82
1897,2018-10-14,2019-04-04,91,38,49
1898,2019-06-05,2019-06-17,35,23,20
1899,2020-07-30,2020-10-05,39,10,57
1900,2018-11-08,2020-03-11,32,46,55
1901,2018-11-17,2020-07-05,65,22,17
1902,2020-05-09,2020-07-16,83,92,4
1903,2018-12-28,2020-09-06,47,28,85
1904,2020-03-13,2020-10-23,99,45,22
1905,2018-12-19,2020-03-22,31,55,0
1906,2020-01-04,2020-03-25,39,43,9
1907,2018-10-12,2019-08-30,83,36,67
1908,2020-07-29,2021-03-10,76,36,52
1909,2019-05-31,2019-08-30,33,30,66
1910,2020-06-18,2021-03-30,44,66,32
1911,2018-08-30,2020-04-23,81,76,0
1912,2019-06-16,2021-02-25,51,3,60
1913,2020-02-12,2021-02-07,71,100,78
1914,2018-12-21,2019-07-15,39,49,35
1915,2019-07-04,2020-09-11,54,49,43
1916,2018-10-07,2020-02-20,37,65,95
1917,2019-05-26,2020-08-25,58,58,28
1918,2019-06-05,2020-03-17,84,94,88
1919,2019-01-05,2020-07-11,75,70,71
1920,2019-05-24,2020-07-04,30,33,0
1921,2018-12-12,2019-06-23,80,25,68
1922,2019-02-11,2021-04-30,89,99,45
1923,2018-10-08,2019-01-07,42,39,77
1924,2019-11-01,2021-06-04,82,19,79
1925,2020-07-01,2020-08-31,85,23,9
1926,2019-02-21,2020-03-15,34,71,98
1927,2018-08-20,2018-10-04,43,15,38
1928,2019-02-18,2020-12-11,84,34,35
1929,2018-09-30,2020-09-11,64,73,78
1930,2019-06-26,2021-04-02,33,64,66
1931,2018-12-13,2020-11-04,77,30,41
1932,2018-10-09,2021-04-04,37,25,97
1933,2020-07-31,2020-08-06,90,28,94
1934,2018-10-02,2020-09-23,44,85,79
1935,2018-10-07,2021-04-10,44,22,38
1936,2019-07-14,2021-01-29,85,7,78
1937,2018-10-21,2019-10-11,69,14,76
1938,2020-02-21,2021-05-20,91,88,52
1939,2019-03-23,2019-04-12,66,53,45
1940,2019-01-07,2020-01-01,63,35,75
1941,2019-11-29,2020-01-27,53,7,82
1942,2019-12-22,2020-11-16,54,1,30
1943,2020-01-02,2021-07-19,52,56,74
1944,2018-10-08,2020-09-11,63,32,66
1945,2018-10-13,2019-09-24,93,79,61
1946,2018-09-11,2019-02-18,71,68,98
1947,2019-01-29,2021-07-11,35,30,33
1948,2019-05-22,2020-09-03,31,50,92
1949,2020-08-03,2020-11-16,56,76,45
1950,2020-03-03,2020-11-29,72,61,38
1951,2018-10-17,2020-07-28,47,23,39
1952,2018-09-21,2020-05-19,61,70,26
1953,2019-11-20,2021-02-28,97,57,0
1954,2019-10-26,2020-08-10,83,14,34
1955,2019-12-26,2020-11-17,49,67,84
1956,2019-01-16,2020-04-14,60,87,56
1957,2019-04-07,2020-10-08,30,81,87
1958,2020-07-13,2021-04-29,64,100,4
1959,2020-07-24,2021-06-28,90,89,41
1960,2018-11-28,2019-04-30,89,28,1
1961,2020-01-28,2020-05-09,89,40,62
1962,2020-03-26,2021-04-26,88,85,66
1963,2019-02-17,2019-07-01,73,83,62
1964,2020-02-02,2020-09-06,38,59,13
1965,2020-07-30,2021-07-09,100,83,56
1966,2020-06-11,2021-02-17,58,8,91
1967,2020-03-05,2021-03-06,64,15,47
1968,2018-10-19,2021-02-04,64,44,5
1969,2019-01-13,2021-07-09,36,54,31
1970,2019-08-28,2020-12-14,48,88,35
1971,2019-05-14,2021-02-19,75,88,29
1972,2019-10-02,2020-10-01,71,46,23
1973,2019-01-26,2021-04-10,79,93,37
1974,2018-10-18,2019-11-13,87,8,38
1975,2019-09-15,2019-11-06,89,93,29
1976,2019-07-16,2021-02-04,30,78,39
1977,2020-05-24,2021-06-27,79,61,78
1978,2019-07-17,2019-12-10,76,8,32
1979,2019-09-26,2020-09-03,59,53,33
1980,2019-10-02,2021-05-04,97,80,54
1981,2018-11-24,2019-05-22,75,26,67
1982,2020-01-18,2020-08-28,79,41,48
1983,2020-02-12,2020-06-14,72,68,90
1984,2019-07-17,2021-06-24,100,1,14
1985,2019-09-29,2021-05-12,81,64,35
1986,2019-12-08,2021-06-02,61,11,53
1987,2018-12-06,2020-08-04,66,45,85
1988,2019-05-25,2019-12-13,49,75,94
1989,2018-10-01,2020-12-07,80,67,3
1990,2019-08-24,2020-02-21,91,48,28
1991,2019-04-20,2020-02-21,57,82,52
1992,2018-10-04,2020-03-11,49,16,0
1993,2018-08-31,2019-07-20,92,49,96
1994,2019-10-12,2021-05-28,90,63,35
1995,2018-09-20,2020-11-26,42,31,70
1996,2020-07-04,2020-11-08,30,11,83
1997,2020-08-02,2021-03-12,34,17,62
1998,2018-11-14,2020-08-22,34,13,49
1999,2018-12-09,2020-08-29,53,97,23
