1,23,4589891037934257,1500,false,Charles Elizabeth,1982-12-13 09:00:00.000,nunezpaul@yahoo.com,495-852-3313,1,23,7
2,27,3503456321124646,5000,true,Brandi Victoria,1979-01-16 09:00:00.000,fnguyen@mccoy.com,3443146806,2,27,7
3,10,30261510131677,4000,true,Kimberly Crystal,1972-07-07 10:00:00.000,michaelmerritt@stone.info,(022)142-8414,2,10,3
4,3,4396988905525,1000,false,Antonio Edward,1996-05-02 10:00:00.000,alexandramerritt@hotmail.com,680.716.6600x197,2,3,7
5,185,30066310899856,2000,true,Monica Darren,1970-11-13 09:00:00.000,taylorrichard@rosario.biz,2207577718,2,185,5
6,91,2279682769255618,2000,false,Matthew Christy,1996-09-15 10:00:00.000,kristinherrera@yahoo.com,239.886.6877,2,91,2
7,187,2272960848465094,1000,false,Louis Shawn,1990-05-08 10:00:00.000,chaneychristopher@hotmail.com,+1-739-028-4291x81189,2,187,8
8,78,4559876886937879,2000,false,Scott Melanie,1994-05-02 10:00:00.000,tamara33@garcia.biz,+1-866-690-5974,2,78,7
9,1,6011661168013392,5000,true,Anna Philip,1964-06-06 10:00:00.000,sandra15@garza.com,137.424.7249,2,1,6
10,120,3594179178468201,5000,true,Rebecca Douglas,1991-07-04 10:00:00.000,lisa43@abbott.biz,723-564-0118x445,2,120,8
11,117,4075277877679668,2000,true,Regina Joshua,1972-12-13 09:00:00.000,smithshelley@taylor-pacheco.info,247.401.5147,2,117,4
12,35,4152680625705766,2000,false,Terry Laurie,1969-07-10 10:00:00.000,vanessa37@willis.org,202-253-3056x23394,2,35,3
13,142,3571697163779255,4000,false,Jeffery Victor,1966-07-09 10:00:00.000,elizabeth09@mcdonald.com,6791987892,2,142,7
14,22,630408450173,1000,false,Martin Anthony,1967-12-20 09:00:00.000,pamela00@gmail.com,823-358-3707,2,22,4
15,183,4541518174353267,2000,true,Amy Jeffrey,1984-01-25 09:00:00.000,tyler33@hebert.com,326.211.5999x2894,2,183,2
16,174,340867500160503,2000,true,Lisa Erika,1995-10-01 10:00:00.000,rchang@calderon.org,001-078-291-4793,2,174,2
17,122,4053121101395913,1000,false,Timothy Shannon,1986-05-20 10:00:00.000,robertolarson@gmail.com,001-844-452-7667,2,122,8
18,171,4583771720068,1500,false,Spencer Steven,1972-02-06 09:00:00.000,cummingsjames@yahoo.com,841.123.4932,2,171,1
19,19,346990460231421,5000,true,Valerie Ariana,1993-07-21 10:00:00.000,laurabarrera@hotmail.com,+1-901-331-0325x442,2,19,8
20,81,6011401788837312,2000,true,Cassandra Johnny,1989-08-02 10:00:00.000,boydnicole@hotmail.com,(409)737-9421,2,81,5
21,162,2714722310768140,2000,true,Suzanne Ronald,1967-08-26 10:00:00.000,veronica08@hotmail.com,(618)255-0389x110,2,162,8
22,79,4966650302325709211,1000,false,Brandon Jasmine,1982-01-31 09:00:00.000,bradley16@gmail.com,+1-985-456-5677x261,2,79,1
23,52,4258814512978995,1500,true,Susan Lisa,1996-09-03 10:00:00.000,thomascollins@ortega.com,001-093-307-5144x0537,2,52,2
24,89,4668231637109,5000,true,Ashley Luis,1968-01-31 09:00:00.000,smithjennifer@lee.com,(884)357-3177x1490,2,89,7
25,102,38382015155862,1500,false,Kyle Andrew,1988-03-07 09:00:00.000,benjamin11@hotmail.com,936-420-5488x446,2,102,8
26,123,4064740372166,1000,false,James Kimberly,1982-12-17 09:00:00.000,nicholasandrews@yahoo.com,+1-389-132-1861x61659,2,123,1
27,98,3519510908814730,1000,false,Kevin Nicole,1968-08-12 10:00:00.000,avilajason@smith.org,001-096-379-4636x75661,2,98,1
28,199,4371551691325372,4000,false,William Allen,1979-04-07 09:00:00.000,derrickgonzalez@medina.com,1543920647,2,199,3
29,109,5128288059855962,2000,false,Andre Jillian,1972-09-30 10:00:00.000,walkercourtney@walker.biz,001-905-776-2739x7765,2,109,6
30,84,6011030314701179,4000,true,Jennifer Emma,1993-04-25 10:00:00.000,jennifergordon@hotmail.com,001-636-449-6724x78494,3,84,7
31,59,6011701027786018,5000,false,Matthew Andrew,1971-03-21 09:00:00.000,bobbyjones@gmail.com,(029)246-2618,3,59,7
32,9,36440948661695,4000,true,Deborah Wayne,1977-01-28 09:00:00.000,christopher98@yahoo.com,6288218589,3,9,7
33,156,3595392476570391,4000,true,Betty Misty,1993-03-27 09:00:00.000,reneewood@hernandez-rowe.com,052.553.5221x92922,3,156,6
34,62,3557748061944323,1500,false,Anthony Aaron,1997-01-05 09:00:00.000,walkerkristin@nguyen.com,(312)334-8995x817,3,62,6
35,190,4723637248967,5000,false,William Elizabeth,1981-01-22 09:00:00.000,daniellegraves@yahoo.com,(000)843-0775,3,190,7
36,177,2223616427046453,4000,false,Edwin Beth,1972-06-16 10:00:00.000,leashley@williamson.com,(263)484-5439x4282,3,177,7
37,77,4681831741618686,2000,false,Bryan Christina,1969-03-13 09:00:00.000,dhammond@hart.net,(897)917-6748x4910,3,77,7
38,30,2254007822777250,5000,false,Erik Erica,1975-01-10 09:00:00.000,wchristensen@martin-berry.biz,478.978.7625x63157,3,30,5
39,61,676210860224,3000,true,Taylor Jessica,1963-10-25 10:00:00.000,hkeith@yahoo.com,354.850.3204x794,3,61,2
40,17,213193219363625,5000,true,Linda Jacob,1962-08-07 10:00:00.000,moorejoe@leonard.com,8505498507,3,17,4
41,45,36665173163559,1000,false,James Elizabeth,1981-05-19 10:00:00.000,lmorse@pearson-zavala.net,351.221.9790x34487,3,45,1
42,85,345632940481223,1000,false,Lawrence Christopher,1972-08-15 10:00:00.000,pcox@hotmail.com,(408)695-8156,3,85,1
43,155,3590827893060190,5000,true,Ariana William,1998-12-14 09:00:00.000,ubishop@mcclure-parker.com,(404)048-7827x97755,3,155,8
44,83,4186092465619,4000,true,Alicia Melissa,1979-07-05 10:00:00.000,joanntyler@christensen.biz,485-720-4397,3,83,5
45,139,4556829892035645,1500,false,Dwayne Adam,1961-09-17 10:00:00.000,sharonanderson@gmail.com,001-480-262-5479x207,3,139,5
46,167,30051234886676,3000,true,Erica Daniel,1991-07-11 10:00:00.000,leslie86@gmail.com,(187)255-6602x02447,3,167,4
47,133,4481374100178708370,4000,true,Gloria William,1984-05-08 10:00:00.000,cynthia43@cox-brewer.biz,678-054-4024,3,133,5
48,111,6530502222255565,1000,false,Russell Luis,1977-04-15 09:00:00.000,collinslawrence@reeves.com,977.301.6432,3,111,8
49,50,4125428063065283,1000,true,Kristen Matthew,1981-02-09 09:00:00.000,dmorgan@sanchez.com,110.817.4437,3,50,2
50,65,4368688185751767745,1500,false,Ronald Franklin,2001-06-25 10:00:00.000,dana52@brown.com,(651)123-1359x2427,3,65,8
51,72,503898208569,3000,false,Alan Martin,1973-07-26 10:00:00.000,jessica87@gmail.com,559.588.2439,4,72,4
52,194,3583390331269963,5000,false,Kyle Larry,1974-02-20 10:00:00.000,vdominguez@maldonado.com,+1-268-394-2664,4,194,4
53,73,180095464538547,1000,false,Christopher Karen,1987-11-11 09:00:00.000,sheilaanderson@yahoo.com,511-875-0838x26159,4,73,4
54,180,374385625332096,3000,false,Nicolas Patrick,1970-10-30 09:00:00.000,chadfisher@cook.com,(103)017-2194,4,180,4
55,144,342513517695812,2000,true,Jessica Christopher,1996-12-25 09:00:00.000,randymclean@yahoo.com,2497232822,4,144,3
56,74,3510915260056532,2000,true,Kristin Nicholas,1996-04-23 10:00:00.000,martinezjoshua@collins.info,292.416.4760x362,4,74,8
57,116,503847704015,4000,true,Karen Antonio,1965-07-23 10:00:00.000,youngkimberly@young.com,+1-177-808-5191,4,116,3
58,135,4119918570620603289,5000,true,Kelly Grace,1962-09-24 10:00:00.000,tamara85@baldwin-crawford.com,656.836.5888,4,135,6
59,173,4200661874091750422,2000,true,Gina Samantha,1982-03-28 09:00:00.000,danielle95@chambers.biz,811-264-8433x86639,4,173,3
60,29,3509308516607410,3000,true,Haley Aaron,1990-07-29 10:00:00.000,charlesjones@hotmail.com,515-792-6956,4,29,5
61,4,4325070392655844,1500,false,Jeremy Robin,1979-03-18 09:00:00.000,mayerkimberly@gmail.com,255-656-7821,4,4,2
62,21,5556610272033864,2000,false,Nicholas Paula,1968-09-07 10:00:00.000,qdixon@hotmail.com,+1-504-658-7923x98110,4,21,2
63,121,4193433031262758833,2000,true,Jennifer Bobby,1989-10-27 10:00:00.000,abbottanthony@harper-bowen.com,(716)413-1463x911,4,121,3
64,152,6011403712771641,1500,true,Christina Mary,1971-06-10 10:00:00.000,jacqueline06@yahoo.com,317.654.5732,4,152,7
65,13,373498765956581,1500,false,Jason John,1996-12-12 09:00:00.000,joseph98@brooks.com,001-185-774-4652x616,4,13,1
66,80,341717354884006,4000,false,Jose Brittany,1994-12-06 09:00:00.000,sharon70@johnson.com,895.783.9969x9761,4,80,7
67,32,570223148455,1000,true,Kari Robert,1963-01-28 09:00:00.000,heatherwashington@yahoo.com,079-367-2466,4,32,8
68,66,3549864162234463,1500,false,Adam Audrey,1978-05-27 10:00:00.000,hornrodney@gmail.com,(748)287-7443x811,4,66,7
69,143,180027074575072,5000,true,Rose Shannon,1970-05-06 10:00:00.000,justin79@case-bowen.com,868.445.8971x21008,4,143,2
70,166,4395891544468009,1000,false,Christian Rhonda,2003-07-01 10:00:00.000,stephanieromero@yahoo.com,249-341-3098x7949,4,166,2
71,11,3527284952547253,4000,false,Kurt Jennifer,1986-10-01 10:00:00.000,jennifermendez@yahoo.com,+1-353-370-2861x795,4,11,8
72,129,38952394854598,5000,false,Elijah Erica,1985-09-02 10:00:00.000,fitzgeraldtaylor@mason.info,328.122.6673x10246,5,129,1
73,118,4716176285366,5000,true,Rose Gina,1980-06-25 10:00:00.000,theresa76@gmail.com,(590)527-3352x1869,5,118,2
74,168,6011286856394274,2000,true,Jennifer Heather,1991-11-08 09:00:00.000,joan48@ray.com,(547)780-4874x22884,5,168,1
75,188,2571296513580398,3000,true,Catherine Diana,1997-06-28 10:00:00.000,angela45@day.net,+1-926-923-5446x12873,5,188,1
76,86,4018325199294946,1000,true,Stephanie Susan,1996-04-04 09:00:00.000,haleyelizabeth@yahoo.com,(445)922-2561x038,5,86,1
77,106,370079007553023,1000,true,Jessica Jonathan,2001-03-02 09:00:00.000,christineedwards@yates.org,(360)453-2157,5,106,4
78,151,3525376056931318,3000,false,Christopher Kevin,1975-07-13 10:00:00.000,rmathews@cortez.com,001-340-310-9617x13003,5,151,1
79,153,4044906792292234631,2000,false,Daniel Kevin,1976-08-11 10:00:00.000,wturner@castro-parker.com,001-411-735-8014x356,5,153,3
80,113,630418758847,3000,false,Stephen Jennifer,1964-02-22 09:00:00.000,alanlee@yahoo.com,260-727-0539x257,5,113,2
81,192,4138509340350518,1500,true,Lynn Tammy,1978-02-07 09:00:00.000,bensonjonathan@hancock.com,001-652-753-8825x69761,5,192,2
82,56,4208427205790618,4000,false,Ruben Taylor,1976-12-03 09:00:00.000,xcarlson@gmail.com,(216)249-7144x5172,5,56,4
83,145,4582201117631574,1500,false,Timothy Brandon,1990-03-06 09:00:00.000,joshua29@yahoo.com,+1-795-339-9187,5,145,4
84,169,4617811056519440539,3000,true,Amanda Alicia,1971-12-02 09:00:00.000,douglas56@conley.com,001-567-537-5068,5,169,2
85,92,3587773859751908,1500,false,Thomas Chris,2000-02-08 09:00:00.000,daniel58@hotmail.com,(406)897-9581x40668,5,92,4
86,165,4558688186049797,1500,false,Jacob Brittany,1969-01-27 09:00:00.000,debra32@santiago.com,+1-782-124-5261x243,5,165,2
87,16,375153361511979,1500,true,Amy Olivia,1983-02-01 09:00:00.000,brandon06@ortiz.com,(027)847-2990x892,5,16,3
88,68,4982979246615842,4000,true,Sarah Keith,1991-02-13 09:00:00.000,cjones@yahoo.com,128-654-4588,5,68,3
89,100,30488566159522,2000,false,Jason Alex,1989-06-30 10:00:00.000,aprilbrown@ross-richmond.info,001-603-324-0959x53378,5,100,3
90,157,341184468278015,3000,false,Eddie Alan,1992-10-17 10:00:00.000,camposmichelle@mitchell-bush.com,(302)780-1333,5,157,2
91,34,4092061585525895,4000,true,Kathy Kenneth,1971-11-15 09:00:00.000,deniseconley@hernandez.com,(397)744-0739x036,5,34,8
92,25,4548569100522411,3000,false,Michael Jon,1997-03-05 09:00:00.000,gregory97@blevins-finley.com,+1-551-143-8480x954,5,25,6
93,38,4113746533720672,1500,false,Adrian Tara,1979-09-18 10:00:00.000,khansen@yahoo.com,086-672-3058,5,38,6
94,99,2254195153226813,2000,false,Steven Kimberly,1970-01-03 09:00:00.000,diana22@yahoo.com,815.255.6019x4915,5,99,5
95,138,213195031646079,1000,false,Michael Daniel,1971-01-04 09:00:00.000,zphillips@hotmail.com,537-327-4144x451,5,138,6
96,160,340843939111276,5000,false,Craig Brittany,1984-07-09 10:00:00.000,marco19@johnson.org,(202)278-9608x1026,5,160,8
97,7,4838576520156509747,3000,true,Toni Manuel,1977-09-08 10:00:00.000,hurleymatthew@jones.com,+1-880-611-2589x5444,5,7,6
98,87,6587810497979971,4000,true,Heather Richard,1992-06-04 10:00:00.000,earmstrong@smith.com,(656)075-0203,5,87,8
99,119,2318942931250423,5000,true,Debra Andrew,1979-12-14 09:00:00.000,ginamorgan@foster.com,+1-545-612-8185x468,6,119,2
100,96,3542831536937292,2000,true,Lauren Vincent,1977-05-03 10:00:00.000,nwilliams@yahoo.com,001-725-798-8816,6,96,6
101,31,30348162333949,2000,true,Julia Judy,1994-02-19 09:00:00.000,wross@adams.com,(140)399-1708,6,31,2
102,154,30300978095303,4000,false,William Renee,1991-11-19 09:00:00.000,eboone@goodman.org,(496)402-2618x7341,6,154,4
103,125,2221577312801398,1000,false,Dakota Daniel,2003-03-03 09:00:00.000,travis36@gmail.com,+1-450-054-8012x30688,6,125,7
104,134,3500415453441429,1500,true,Michelle Mark,1967-08-02 10:00:00.000,melanie03@green-guerrero.com,001-156-292-5954x7860,6,134,8
105,94,4972297700561572,2000,true,Tracy Ariel,2002-03-27 09:00:00.000,robertglenn@hotmail.com,(751)183-2066x222,6,94,4
106,97,4478411723637944202,1500,false,David Meghan,1995-07-22 10:00:00.000,christina13@davidson.biz,(134)232-1642,6,97,4
107,18,3503214223273544,4000,true,Christy Tammy,1996-03-01 09:00:00.000,klee@morales.net,536.004.1118x43624,6,18,8
108,47,4721525261712,4000,true,Christine Melissa,1974-09-23 10:00:00.000,lori53@gmail.com,+1-447-801-8304x8701,6,47,1
109,140,4817790130598,4000,false,David Amy,1981-07-26 10:00:00.000,brenda71@thomas-mccarty.com,468-043-0176x30864,6,140,2
110,46,4337553116864087,2000,false,Ryan James,1988-11-08 09:00:00.000,reginahahn@gmail.com,(322)734-3065x58597,6,46,3
111,105,4461605419674590196,4000,false,Carlos Thomas,1986-12-30 09:00:00.000,jeffreyowen@barry.net,(240)159-7970x40667,6,105,6
112,195,4630801314969263,5000,true,Ariana Lisa,1991-05-12 10:00:00.000,fischerelizabeth@hotmail.com,+1-878-086-3837x32812,6,195,7
113,184,501897861354,4000,true,Kathy Joseph,1997-04-15 10:00:00.000,lisacopeland@yahoo.com,001-182-986-3882,6,184,8
114,110,639043591929,5000,true,Sheila Daniel,1978-04-29 09:00:00.000,benitezsarah@wheeler-mcdonald.info,+1-789-189-8177x9509,6,110,6
115,58,6011118081531356,1000,false,Anthony James,1986-04-03 09:00:00.000,coxnicole@gomez.com,701.493.8560,6,58,6
116,69,377484265173014,5000,true,Karen Richard,2001-07-02 10:00:00.000,joshua33@brown.org,+1-609-253-5336x72305,6,69,5
117,161,4463055790133124,2000,true,Elizabeth James,1973-10-02 10:00:00.000,marissapennington@garcia.net,264.380.8586x972,6,161,4
118,101,6599713982809842,1500,false,Jose Todd,1976-09-14 10:00:00.000,psantos@yahoo.com,048-582-0335,6,101,6
119,150,639069965585,2000,true,Anne Natalie,1971-09-25 10:00:00.000,jamessilva@hotmail.com,(567)723-9595,6,150,7
120,64,3532282924404176,3000,false,Robert James,1980-01-16 09:00:00.000,cannonkellie@gmail.com,(525)398-8016x802,6,64,5
121,172,180086636399421,5000,true,Virginia Charles,1997-07-07 10:00:00.000,buchananbrittany@yahoo.com,001-224-592-7885x757,6,172,5
122,148,30599285529454,4000,true,Dawn Wesley,1973-07-15 10:00:00.000,jeffrey50@robinson.org,(836)046-6004x8483,6,148,8
123,88,4181732784499494,3000,true,Laura Carrie,1962-09-28 10:00:00.000,brendataylor@hudson.com,471.018.1897,6,88,5
124,182,639009158267,2000,false,David Monica,1990-12-16 09:00:00.000,christian95@bird.com,001-772-216-5559x6521,6,182,5
125,28,180045907619818,2000,false,Charles Ronald,1969-06-24 10:00:00.000,myersjudith@campbell.net,+1-271-234-6310x7574,6,28,6
126,198,3572176490165149,4000,false,Logan Angel,1977-08-31 10:00:00.000,jennifer49@hotmail.com,015-079-1445,6,198,5
127,2,2715974675551426,1000,false,Michael Robert,1970-02-08 09:00:00.000,morgankenneth@wright.com,001-950-918-3148,6,2,4
128,126,4990489341725,1000,false,Ryan Ryan,1963-03-08 09:00:00.000,blairdaniel@yahoo.com,001-035-624-5793,6,126,4
129,44,4745036791111720254,1500,false,Christopher Tamara,1999-05-13 10:00:00.000,martinezdavid@hotmail.com,+1-404-784-9428x595,7,44,5
130,103,577184267323,5000,true,Jessica Adam,1981-04-01 09:00:00.000,sandymiller@hotmail.com,152-184-4643x220,7,103,2
131,131,372466353320438,1500,false,Ryan James,1984-08-09 10:00:00.000,unovak@price.net,(795)172-9252,7,131,1
132,176,3585113000628006,1500,false,Samuel William,1999-01-08 09:00:00.000,rachelsmith@yahoo.com,(474)962-9198,7,176,2
133,193,4316260229824603,2000,false,Jeremy Christopher,1999-01-24 09:00:00.000,christopher04@hotmail.com,+1-894-561-3938x22078,7,193,5
134,41,4459106945576339975,4000,false,Theodore Andrew,1967-09-01 10:00:00.000,jenniferyork@rivas.net,+1-620-435-0258,7,41,8
135,107,3508368465788992,4000,false,Michael Daniel,1968-02-09 09:00:00.000,pcook@hotmail.com,014-705-7807x13492,7,107,5
136,104,340939193791363,1000,true,Kimberly Jordan,1978-05-04 10:00:00.000,chamberspenny@yahoo.com,+1-666-473-2926x92251,7,104,2
137,24,213104348993968,1000,true,Amanda Darlene,2001-11-07 09:00:00.000,brendajohnson@yahoo.com,475-340-1628,7,24,2
138,159,180005122479976,3000,true,Kiara Donald,1973-04-10 09:00:00.000,taylorerica@ortiz.com,(249)019-1718x17464,7,159,3
139,60,4269640480187310,5000,false,Charles Carla,1972-12-26 09:00:00.000,jonathangeorge@gmail.com,001-527-574-2705x1672,7,60,7
140,130,4231001242050844558,1500,true,Emily Crystal,1983-07-31 10:00:00.000,ssmith@martinez-thompson.com,+1-289-700-7664x1373,7,130,7
141,137,676369751703,2000,false,Robert Zachary,1977-01-22 09:00:00.000,smalljames@ellis.com,+1-206-602-6961x25446,7,137,2
142,181,4518513243582144,2000,false,Cameron Natalie,1981-06-30 10:00:00.000,carrie31@carson-sanders.com,563.602.9592x36520,7,181,7
143,95,370347841488494,3000,true,Heather Nicholas,2001-05-02 10:00:00.000,mary63@peters.com,001-589-825-3841x63802,7,95,8
144,163,4576608225453907457,3000,true,Jennifer Jonathan,1979-11-04 09:00:00.000,millerandrea@lloyd.com,+1-287-608-4602x436,7,163,3
145,164,4380290590410184403,5000,false,Robert Alice,1989-07-04 10:00:00.000,tmiller@olsen.biz,(081)069-4445,7,164,8
146,55,2274878728864467,1000,false,David Felicia,1984-11-04 09:00:00.000,markoconnor@hotmail.com,149-627-0952x888,7,55,1
147,15,3551061592538689,4000,false,Sean Nathan,1993-05-31 10:00:00.000,rhughes@hotmail.com,+1-400-696-1572,7,15,4
148,14,375285655109035,1000,false,Christopher Amy,1976-06-23 10:00:00.000,sparkslawrence@griffin.com,+1-945-326-2881x121,7,14,4
149,114,5134920380739679,4000,true,Teresa James,1969-05-12 10:00:00.000,myersbrittany@martinez.com,(351)435-2631,7,114,7
150,49,675948353742,4000,true,Alexis Cynthia,1981-12-15 09:00:00.000,garciastephanie@gmail.com,356.805.6980,7,49,4
151,124,6573676728831125,1500,false,James Tyler,1966-05-30 10:00:00.000,davidrichardson@barajas-clark.com,+1-914-046-0323x403,7,124,4
152,42,180079259632475,2000,true,Brittney Colleen,1979-02-22 09:00:00.000,smithmichelle@hughes.biz,(259)485-7161x52696,7,42,3
153,39,180015504738600,5000,true,Meghan Greg,1971-08-03 10:00:00.000,zdavis@alvarez.org,+1-026-098-8727,7,39,8
154,54,4818573549655835,5000,false,Joseph Margaret,1964-04-17 09:00:00.000,usmith@gmail.com,+1-583-548-6232,7,54,5
155,8,3561336322377238,3000,false,Colton Patricia,2000-09-08 10:00:00.000,hilltina@stark-allen.com,234.973.4423x821,7,8,8
156,158,6011780938442119,2000,true,Sara Natalie,1987-06-29 10:00:00.000,rgomez@smith.com,(396)363-4214,7,158,5
157,115,4599888866055590,2000,false,Michael Briana,1967-02-27 09:00:00.000,gvillanueva@yahoo.com,(964)725-6223,8,115,2
158,48,3514344330713269,3000,true,Isabella Wendy,2000-01-25 09:00:00.000,veronica35@townsend-morgan.org,326.030.1033,8,48,2
159,5,676273295714,5000,false,Charles Linda,1981-06-01 10:00:00.000,tony46@lopez.com,+1-368-411-1601,8,5,1
160,146,4982182355235,1500,false,Kyle Timothy,1999-04-17 10:00:00.000,ibrown@smith.net,883-262-1837x7187,8,146,1
161,132,30476699757304,3000,false,Nicholas Chad,2001-09-26 10:00:00.000,xmolina@jenkins.com,001-381-047-0325x819,8,132,1
162,149,4883197038744031277,1500,true,Kimberly Sheryl,1967-02-02 09:00:00.000,tarasmith@gmail.com,827-383-7413x2825,8,149,8
163,20,5579946577361037,5000,false,Craig Tommy,1984-01-23 09:00:00.000,jennybell@gmail.com,(070)959-4923,8,20,8
164,170,4013442716430344,3000,true,Brenda Angelica,1965-05-12 10:00:00.000,buckleymaria@gmail.com,001-982-897-5277x67588,8,170,1
165,90,2616297719307765,1000,false,Ryan Morgan,1983-08-02 10:00:00.000,williammeyer@gmail.com,006-167-7418,8,90,1
166,6,4688717121943336,5000,false,Eric Stephen,2002-11-03 09:00:00.000,garrisonjulie@gmail.com,066.493.6261,8,6,5
167,147,213183451060435,1500,true,Tiffany Jill,1975-10-22 10:00:00.000,carrie66@hall-mclaughlin.net,(445)616-5487x181,8,147,1
168,93,4021360068283048,4000,true,Lauren Jeffrey,1993-04-04 10:00:00.000,josephsullivan@gmail.com,(193)547-0972x012,8,93,6
169,57,4071238678805886375,5000,false,David Mary,1984-06-25 10:00:00.000,natasha04@yahoo.com,+1-674-596-9559x7969,8,57,5
170,112,30248189779985,3000,false,Charles David,1975-05-14 10:00:00.000,qbonilla@yahoo.com,001-936-807-8728x14913,8,112,5
171,76,30328682225445,5000,true,Susan Lauren,1990-04-26 10:00:00.000,hendersonsusan@gmail.com,001-606-049-2403x070,8,76,4
172,136,30378600692853,1000,false,Alexander John,1982-03-13 09:00:00.000,alexandra46@herrera.com,056.143.9349x4671,8,136,4
173,127,567884673094,4000,false,David John,1971-08-28 10:00:00.000,castillomarc@cooper.info,8891930679,8,127,4
174,197,4016914289347834984,2000,false,Zachary Sydney,1985-04-19 09:00:00.000,bmartin@cooper-macdonald.biz,902-216-7634x74286,8,197,6
175,108,213103668364909,2000,true,Cynthia Julie,1993-04-14 10:00:00.000,gatespaula@hotmail.com,679-745-4661x0462,8,108,4
176,179,370211220117381,2000,true,Ariel Jennifer,1996-03-24 09:00:00.000,amandahaynes@wright.com,(029)848-8662x0983,8,179,6
177,37,4130763433838941111,1500,true,Debra Natasha,1969-05-02 10:00:00.000,joneshelen@gmail.com,777-143-6349,8,37,3
178,36,4526091839459266,5000,false,David Robert,1984-05-15 10:00:00.000,grace70@lopez.com,(199)105-4933,8,36,3
179,12,30521989879837,5000,true,Joanna Steven,1998-12-18 09:00:00.000,kylemartin@chen.com,001-475-558-5415,8,12,2
180,26,3599869879744729,5000,true,Denise Tara,1991-01-09 09:00:00.000,joshuawalters@hotmail.com,2080045422,8,26,7
181,51,4058418930039935687,1500,false,Chad Joy,1985-04-03 09:00:00.000,millerchristina@yahoo.com,874-044-1924x961,8,51,2
182,196,4288658149548737953,1000,false,Cameron Kevin,1986-08-04 10:00:00.000,petersenmichelle@smith.com,001-606-789-0073,8,196,7
183,128,587340853957,5000,false,John Timothy,1975-07-07 10:00:00.000,hamiltonholly@hotmail.com,133-030-4446,8,128,6
184,67,4677232496789333,2000,true,Dawn Joel,1993-10-10 10:00:00.000,smcdowell@brown.com,001-937-535-7470x250,8,67,6
185,141,375685747178031,5000,true,Lori Kristin,1969-08-08 10:00:00.000,reedashley@savage.net,185.603.2339x336,1,141,5
186,175,213110624213559,4000,true,Kim Zachary,1964-07-14 10:00:00.000,paula02@yahoo.com,001-178-323-8121x01974,1,175,4
187,71,4451292864387,5000,true,Daisy Valerie,1995-07-26 10:00:00.000,jasmine18@thomas.com,505.690.3029,1,71,1
188,70,38688030447187,1000,true,Kelsey Jason,1997-08-24 10:00:00.000,mackmia@yahoo.com,909.664.0343x5323,1,70,2
189,40,180021562987071,5000,true,Jamie Philip,1996-06-20 10:00:00.000,justinlucas@yahoo.com,7227440447,1,40,5
190,186,4001986245692240,2000,true,Beth Mary,1984-11-01 09:00:00.000,fortega@hotmail.com,036-104-5306,1,186,8
191,189,180014090146534,3000,true,Marie Dennis,2002-09-16 10:00:00.000,smithkristen@ross.com,741-220-2618,1,189,8
192,178,2226991181272315,1000,false,Daniel Joshua,1976-07-06 10:00:00.000,chicks@hotmail.com,001-142-600-4122x44321,1,178,7
193,53,6011699057795430,1500,true,Lori Tiffany,1964-11-22 09:00:00.000,john36@hotmail.com,001-296-806-5453x1932,1,53,5
194,75,4296301871267578,5000,false,Michael William,1978-12-03 09:00:00.000,codydavis@yahoo.com,(474)556-4076,1,75,6
195,82,4497115458444,1500,false,Brian Kimberly,2001-02-22 09:00:00.000,phenderson@yahoo.com,7654645711,1,82,7
196,33,30121305638726,1000,false,Patrick Tina,1988-04-09 10:00:00.000,brockcameron@yahoo.com,998-367-9528x550,1,33,6
197,43,4556593428910099,5000,false,Garrett Robert,1985-01-03 09:00:00.000,daniel22@yahoo.com,001-925-817-7803,1,43,7
198,63,3526795567308626,4000,true,Katie Jonathan,1962-04-24 09:00:00.000,fkennedy@evans.com,(473)246-9577,1,63,3
199,191,4667966622862439,5000,true,Lauren Megan,1973-03-11 09:00:00.000,burnettstephanie@hotmail.com,917.741.0863x231,1,191,3
