1508,9,20191022,20200907,3950,19
1585,9,20190520,20200620,4900,17
1076,9,20200630,20210206,4300,19
834,9,20200428,20201228,2150,22
1397,9,20190612,20210208,4200,19
1187,9,20191009,20191226,4650,67
465,9,20190509,20200918,2900,22
1180,9,20190412,20190610,3000,69
1013,9,20181207,20191010,4750,17
649,9,20190823,20210730,3300,19
1427,9,20190212,20191019,2000,22
1125,9,20191124,20210127,2650,22
176,9,20180929,20190213,4350,44
877,9,20191007,20210519,2050,22
1113,9,20180927,20200324,4950,17
1336,9,20190119,20190619,3050,44
621,127,20181206,20191112,930,35
671,127,20200302,20210527,840,35
677,127,20200720,20201015,700,85
516,127,20200205,20200410,700,85
247,127,20180923,20201230,970,35
1951,127,20190310,20210609,980,35
750,127,20180924,20200622,930,35
1041,127,20190618,20210409,710,35
634,127,20200101,20200914,480,35
1613,127,20190905,20210721,380,35
434,127,20190222,20210203,850,35
1616,127,20200628,20210313,490,35
641,127,20200527,20210320,750,35
1176,127,20181011,20210821,580,35
804,127,20181102,20210802,300,35
106,127,20181023,20190812,470,35
188,127,20200531,20200629,780,85
1240,4,20191230,20200225,690,74
1394,4,20190519,20200801,380,24
1268,4,20200208,20200823,530,37
1646,4,20190207,20210103,740,24
867,4,20200112,20200114,1000,74
1186,4,20181106,20190204,720,74
163,4,20190529,20200108,840,24
759,4,20200404,20201211,1000,24
591,4,20190914,20191111,600,74
1318,4,20190623,20210408,850,24
1368,4,20200502,20210613,730,24
1986,4,20181014,20191113,470,24
1279,4,20190309,20190608,1000,74
965,4,20200305,20210128,940,24
352,4,20180922,20200806,620,24
249,4,20191230,20210116,540,24
1940,4,20190118,20191026,680,24
469,4,20181120,20190604,590,24
452,4,20181109,20190207,420,74
882,61,20200813,20201202,855,65
1379,61,20200208,20200819,840,40
200,61,20191123,20210823,1050,27
1705,61,20191016,20200913,885,27
258,61,20191205,20200604,1470,40
1144,61,20200609,20210323,660,27
606,61,20191031,20210106,1140,27
1158,61,20200421,20210530,465,27
1491,61,20200411,20210302,1410,27
298,61,20181111,20190518,1485,40
1228,61,20190517,20210620,1350,27
425,61,20200419,20210206,855,27
1406,61,20200423,20200811,1470,65
792,61,20200807,20210715,1155,27
341,61,20190223,20190820,1470,40
691,159,20181107,20190719,5000,19
1639,159,20191029,20210727,4050,22
1627,159,20190416,20201126,3100,24
1058,159,20200820,20200901,2850,74
1590,159,20200210,20210823,1600,27
718,159,20190427,20191123,4750,19
1400,159,20200409,20201207,3800,22
1729,159,20190103,20190330,3450,72
1746,159,20191004,20210605,1750,27
1393,159,20200205,20201021,4350,22
1461,159,20181201,20190624,4400,32
1685,159,20200719,20200813,1650,77
1500,159,20181125,20190409,4750,44
1659,159,20190811,20200806,3100,24
124,159,20190110,20210817,3250,24
772,159,20190204,20191017,1800,27
1939,159,20200417,20200719,3100,74
1903,159,20200713,20201115,3250,62
1332,166,20190103,20201207,2950,16
1257,166,20191011,20210617,2700,16
280,166,20180826,20190329,3950,14
837,166,20190521,20200410,3000,16
1248,166,20190108,20190327,3500,64
782,166,20200415,20210501,3350,14
179,166,20191124,20200215,3950,64
1438,166,20190602,20191022,4050,52
828,166,20190417,20190514,2350,66
493,166,20200629,20210815,3500,14
993,166,20200712,20200806,4550,61
797,166,20200119,20210305,3100,16
732,166,20181126,20190918,2650,16
237,166,20190626,20200402,2500,16
498,166,20200806,20210228,1800,32
1106,166,20191107,20200104,5000,61
1214,166,20200724,20210501,2300,16
250,97,20200416,20200807,1830,72
1535,97,20200117,20210204,2130,34
903,97,20200514,20210222,2160,34
982,97,20200528,20210423,1680,34
756,97,20181102,20210514,2880,31
1926,97,20181114,20210409,1050,34
545,97,20200722,20210808,2310,31
674,97,20190723,20200721,1920,34
1016,97,20180925,20190821,2190,34
615,97,20190315,20190607,2940,81
1555,97,20200524,20210618,1830,34
1250,97,20190805,20201007,2640,31
1786,97,20190130,20190831,1110,34
334,97,20190702,20200420,2100,34
1873,97,20190420,20200724,2760,31
575,97,20191027,20201201,1530,34
1887,97,20200106,20210713,1440,34
1267,97,20190901,20191111,1980,84
1395,97,20200604,20210427,2370,31
1290,97,20190327,20200306,2100,34
486,97,20200418,20200820,2160,72
1254,97,20181226,20210710,2550,31
1340,155,20200516,20200905,2220,61
1191,155,20190614,20210207,2580,23
841,155,20190427,20190828,2040,64
937,155,20200201,20200915,1620,26
688,155,20200403,20200730,1230,76
326,155,20191208,20201129,1170,26
588,155,20190423,20210513,2730,23
1005,155,20200409,20200514,3000,73
994,155,20181120,20181230,1260,76
1138,155,20190808,20201106,2310,23
244,155,20200317,20210515,2280,23
1863,155,20181228,20190726,1110,26
635,155,20181010,20190826,2460,23
272,155,20190227,20190819,2880,36
118,155,20200114,20210317,1560,26
1604,155,20200805,20210708,1830,26
1783,155,20200222,20210811,2490,23
438,155,20200512,20200817,1950,76
596,155,20180902,20190704,1200,26
905,155,20200805,20210202,2280,36
1184,155,20190624,20210104,1320,26
365,155,20191027,20200717,2880,23
1473,155,20190626,20191218,2220,36
1811,155,20181219,20190831,2310,23
612,155,20190505,20210608,2100,23
1597,32,20200315,20200319,1840,87
975,32,20200803,20201018,3720,84
1703,32,20190208,20210108,1280,37
1741,32,20200310,20200527,3720,84
181,32,20191202,20201115,1320,37
468,32,20190707,20201209,2320,37
896,32,20190611,20210820,1280,37
1215,32,20190113,20190910,1600,37
1731,32,20190903,20191022,3520,84
399,32,20190109,20190408,3680,84
1761,32,20190201,20190919,1680,37
1472,32,20181221,20210516,1760,37
1817,32,20190630,20210101,1760,37
1262,3,20181028,20191002,2920,37
1793,3,20181220,20200222,2680,37
1122,3,20200130,20210504,3640,34
446,3,20190607,20210423,1960,37
455,3,20191228,20210715,1560,37
1804,3,20190306,20210416,1880,37
1983,3,20180909,20201015,3240,34
291,3,20181223,20210611,3720,34
170,3,20190822,20200824,1920,37
595,3,20200306,20210617,3840,34
1636,3,20181012,20201016,3760,34
1372,3,20200121,20200723,3760,47
1996,3,20200309,20210809,1680,37
520,3,20190605,20191113,3800,59
662,3,20181219,20200103,3360,34
1517,3,20200416,20210329,1480,37
1958,3,20200430,20210614,1440,37
119,3,20191128,20200504,2480,50
377,3,20180929,20210105,1560,37
1002,3,20200218,20200711,2560,62
142,3,20200104,20201229,1560,37
1502,3,20191005,20210628,1960,37
1955,3,20200317,20210426,1560,37
1711,3,20200712,20210412,3200,34
1776,3,20181003,20210311,1200,37
655,71,20190517,20190913,2000,67
1156,71,20200309,20210225,1960,29
557,71,20181005,20190331,3240,52
623,71,20200105,20200210,1320,82
1531,71,20191001,20200629,3360,24
1477,71,20181225,20200604,2200,29
1289,71,20181122,20200425,2960,27
1133,71,20200123,20201104,2440,29
673,71,20181231,20190729,3080,27
1571,71,20190118,20210806,2560,27
1599,71,20191013,20191210,2640,77
972,71,20180903,20210705,3880,24
800,71,20180913,20190524,1720,29
1222,71,20180829,20210410,2760,27
350,71,20190908,20201130,2960,27
1161,71,20200717,20210611,1280,32
873,71,20190128,20210808,2800,27
1784,71,20190506,20210228,1440,32
1830,71,20200313,20201017,3520,24
810,71,20200722,20210207,2160,29
286,71,20200726,20210618,1360,32
1968,71,20190330,20210503,2200,29
769,71,20200619,20200731,3160,77
239,71,20181003,20210207,1280,32
709,71,20181030,20190404,2160,42
1889,71,20180912,20201220,2280,29
788,179,20190331,20191207,2150,24
1052,179,20200126,20210807,2850,21
650,179,20190326,20201019,2850,21
1773,179,20200213,20200602,4500,54
1550,179,20191127,20200216,2650,71
849,179,20200223,20210724,2750,21
734,179,20190108,20210810,1750,24
1878,179,20200425,20210609,2050,24
1030,179,20180909,20180911,3950,69
402,179,20190429,20200822,4900,16
1026,179,20200421,20210809,2450,21
986,179,20191005,20200918,1850,24
1709,179,20181218,20210803,2450,21
1529,179,20190728,20191122,2350,59
1468,179,20191011,20210226,2500,21
1430,179,20190923,20210618,3850,19
1767,179,20191001,20191023,3600,69
692,179,20180909,20190609,1950,24
1809,179,20191222,20200311,4150,69
1619,65,20200128,20200407,1005,72
1836,65,20190207,20200307,765,22
607,65,20190315,20200124,1440,22
338,65,20190401,20210818,1200,22
1381,65,20181212,20201118,720,22
368,65,20190103,20200519,1425,22
332,65,20190804,20210103,915,22
214,65,20190205,20200124,855,22
775,148,20191227,20200514,730,62
1146,148,20200105,20210302,510,37
238,148,20180904,20181223,580,87
1512,148,20180825,20200218,780,37
1663,148,20191008,20200121,510,87
1524,148,20190110,20200311,420,37
162,148,20190726,20210214,700,37
779,148,20190207,20191119,880,37
1694,148,20200706,20201121,590,75
1199,148,20190129,20200330,860,37
1698,148,20200123,20200727,510,50
400,148,20191024,20200912,700,37
1501,148,20190925,20200708,470,37
758,148,20200101,20200918,830,37
439,148,20200430,20210428,530,37
157,148,20190922,20200528,690,37
1498,148,20190215,20190714,920,62
1467,148,20191018,20210323,650,37
279,148,20181020,20181204,800,87
1358,148,20190815,20210816,410,37
1877,147,20181112,20210122,3680,29
1417,147,20200216,20210513,3880,29
141,147,20190224,20200923,1280,34
1772,147,20200805,20210130,2080,56
1064,147,20191101,20200909,1560,34
1363,147,20181026,20190711,3920,29
1857,147,20190102,20200521,1760,34
1036,147,20200706,20200915,2480,81
1209,147,20200505,20200722,3200,79
1302,147,20190501,20190922,3680,67
190,147,20191106,20200815,1960,34
1541,147,20200701,20210531,1720,34
953,147,20191217,20200916,3560,29
1179,147,20190324,20210429,2560,31
940,147,20200124,20210310,2320,31
918,147,20191110,20201214,2800,31
1683,147,20190205,20190507,2480,81
269,147,20190727,20200322,1360,34
959,147,20180923,20190726,2360,31
194,87,20180904,20210414,1305,27
159,87,20200603,20210204,765,27
1263,87,20200426,20210428,1410,27
888,87,20190628,20190914,1365,77
1689,87,20190506,20200107,630,27
147,87,20181203,20210613,855,27
1112,87,20190113,20201128,1095,27
1355,87,20190530,20210723,675,27
1357,87,20191116,20201205,1215,27
1066,87,20190121,20200319,1350,27
1929,87,20181107,20200203,780,27
189,87,20200205,20210305,630,27
201,87,20200307,20210202,720,27
1934,87,20190920,20201106,1230,27
1738,87,20181130,20200119,1020,27
1516,87,20200620,20210210,1080,27
1207,87,20191003,20200725,600,27
1790,87,20200808,20210502,1080,27
302,87,20181104,20210130,1245,27
1676,87,20181018,20200305,450,27
1936,87,20190517,20200116,930,27
519,87,20181218,20190329,1035,77
900,40,20191116,20201002,1550,32
155,40,20190922,20210207,4450,27
913,40,20190703,20200406,4300,27
1706,40,20200817,20201215,3700,67
932,40,20190620,20190816,4050,77
815,40,20191012,20210704,4050,27
626,40,20200118,20200127,4400,77
1674,40,20190710,20200404,2400,32
1911,40,20181007,20190218,2150,70
1237,40,20191222,20210715,3250,29
864,40,20190305,20190323,3050,79
1533,40,20200525,20200627,4450,77
161,40,20191129,20200412,2450,57
236,40,20200622,20210710,3450,29
902,40,20200422,20210323,4250,27
1210,40,20190911,20210621,4700,27
892,107,20190330,20200127,2240,24
1670,107,20190102,20191110,2760,22
1912,107,20200706,20200921,3120,72
1174,107,20190218,20200129,1600,27
1235,107,20191119,20210406,1200,27
501,107,20200306,20200909,3080,35
1071,107,20181002,20210420,3360,22
1650,107,20200424,20200922,2040,49
278,107,20200327,20210419,2000,24
1499,107,20190804,20210704,1480,27
371,107,20200519,20210329,3400,22
1700,107,20200217,20201013,2920,22
703,107,20190819,20210728,2240,24
1948,107,20181107,20190914,1280,27
108,107,20200626,20210726,1680,27
271,107,20200511,20200607,1520,77
1869,19,20190519,20191106,3950,34
1293,19,20190113,20190615,3350,46
1108,19,20190320,20191105,4450,19
1824,19,20200506,20200509,1800,74
1303,19,20190206,20200108,2950,24
696,19,20181004,20191113,3350,21
1337,19,20181103,20191106,3200,21
213,19,20190331,20200803,3650,21
261,19,20181207,20200113,3000,21
1932,19,20200426,20200726,3350,71
1486,19,20190406,20190621,4700,69
1449,19,20200213,20210428,2550,24
123,19,20190812,20190910,2550,74
1022,19,20200416,20200711,1700,74
1720,19,20190322,20191121,4650,19
644,19,20190206,20200617,4100,21
665,19,20190505,20200413,3300,21
366,19,20190502,20210101,3800,21
601,19,20200622,20210314,2750,24
1420,19,20190214,20201114,4550,19
1488,19,20200210,20200621,4100,59
351,19,20190211,20190302,4100,71
1901,163,20200421,20210603,3750,29
1591,163,20200702,20200801,1500,84
979,163,20200305,20200711,4300,67
1266,163,20190111,20200915,3800,29
1696,163,20190620,20200301,1800,34
1211,163,20180916,20190726,4450,26
957,163,20190615,20200701,2950,31
761,163,20200710,20210203,2600,31
308,163,20200404,20200425,4850,76
1272,163,20181013,20210824,2150,34
1994,163,20181218,20210130,4050,29
1586,163,20190521,20210210,4150,29
229,163,20200502,20210620,2950,31
444,163,20190801,20210408,2550,31
966,163,20190910,20210628,1600,34
890,163,20200411,20210127,4450,26
1448,163,20180829,20200110,3000,31
1432,163,20191015,20201023,2850,31
331,163,20190730,20210111,1700,34
148,62,20190315,20200609,960,32
680,62,20190203,20200707,1560,32
427,62,20180916,20210822,1740,29
1435,62,20190516,20210124,800,32
541,62,20180827,20210428,1860,29
1751,62,20181018,20190414,1680,42
1327,62,20190404,20210711,1080,32
844,62,20190415,20210103,1560,32
812,62,20200801,20201112,1800,79
582,62,20200314,20210412,920,32
196,62,20191022,20200524,1620,32
1167,62,20200601,20210809,1380,32
199,62,20180926,20200131,900,32
1617,62,20200127,20201103,1260,32
577,14,20200731,20201016,500,84
1584,14,20181220,20190923,970,34
850,14,20191231,20210317,380,34
381,14,20200818,20210204,670,47
1662,14,20191031,20200730,930,34
777,14,20190303,20200322,650,34
723,14,20200113,20200711,980,47
453,14,20180907,20210502,830,34
1907,14,20190515,20190926,800,72
1914,14,20200228,20210523,870,34
1681,14,20200710,20201020,620,84
1693,14,20190916,20210311,530,34
770,14,20190207,20210323,910,34
748,14,20200712,20210422,590,34
1657,14,20200606,20210701,510,34
618,14,20191216,20210524,710,34
535,14,20180829,20200308,900,34
1843,14,20191117,20210307,950,34
1941,1,20200131,20200402,525,79
593,1,20190723,20200102,1230,42
587,1,20200111,20200325,1155,79
1910,1,20190916,20200211,1455,54
1173,1,20181104,20190923,885,29
1923,1,20200726,20210209,480,29
1273,1,20180825,20200531,1140,29
1218,1,20190818,20200819,1260,29
120,1,20190331,20190723,570,67
1274,1,20190214,20190610,465,67
1175,1,20191020,20191021,450,79
1593,1,20200805,20210424,450,29
1300,1,20190807,20200201,900,42
203,1,20190811,20200924,1065,29
737,1,20181006,20200608,495,29
1758,1,20190417,20200713,1425,29
1821,1,20190528,20200329,750,29
633,1,20200806,20201215,630,67
1718,1,20191217,20201112,1080,29
391,1,20190909,20201212,1365,29
719,1,20191009,20191213,705,79
1791,1,20200518,20210314,525,29
960,1,20200418,20200612,735,79
284,1,20200323,20200916,660,42
336,1,20181107,20210125,885,29
356,1,20190515,20190718,540,79
1684,137,20191209,20210427,530,29
738,137,20200817,20210208,570,42
1433,137,20190429,20210105,770,29
318,137,20190708,20191212,560,54
1637,137,20190515,20200228,500,29
1673,137,20190701,20201125,900,29
1756,137,20191118,20200324,590,67
1008,137,20181027,20200807,580,29
449,137,20200823,20210413,840,29
911,137,20190702,20190827,810,79
1631,137,20200630,20201122,670,54
1528,137,20181007,20191207,340,29
1785,137,20191118,20191218,660,79
1344,137,20190612,20191001,760,67
1391,137,20191127,20210805,540,29
862,137,20181013,20210308,300,29
154,137,20181128,20210401,740,29
1070,137,20190123,20210604,330,29
1086,137,20190314,20190730,760,67
1317,137,20181204,20210703,650,29
216,92,20181106,20190612,2220,24
681,92,20200327,20200627,1080,74
1329,92,20190617,20200119,2370,21
1089,92,20200715,20200726,1320,74
712,92,20190727,20201010,2010,24
962,92,20190629,20210412,1890,24
1309,92,20200809,20210212,2730,34
1305,92,20190509,20190603,2040,74
1304,92,20190301,20190424,2040,74
949,92,20190714,20210518,2910,21
285,92,20200713,20210708,2940,21
1699,92,20190503,20200823,3000,21
1485,92,20200208,20210626,2790,21
481,92,20190526,20210603,2280,21
1749,92,20181228,20190316,1620,74
1054,92,20190609,20191206,2400,34
1003,92,20190727,20201118,2280,21
1371,92,20181128,20190819,1830,24
409,92,20200319,20210221,1800,24
1051,92,20181010,20210706,2490,21
1101,180,20200122,20210528,2800,21
565,180,20200615,20210514,1900,24
1665,180,20191202,20210111,2550,21
701,180,20191004,20200913,1550,24
1245,180,20190523,20191207,4850,16
473,180,20190310,20200507,2150,24
1297,180,20190209,20210712,3450,19
485,180,20190607,20200305,2000,24
1538,180,20200315,20200617,3000,71
1126,180,20191015,20200624,1850,24
598,180,20200804,20210211,3400,32
724,180,20200526,20210203,2100,24
1540,180,20191222,20200509,3500,44
947,2,20181114,20190214,3250,79
697,2,20181215,20200528,4950,27
1137,2,20190913,20200229,2000,57
1068,2,20200428,20210714,1500,32
908,2,20190105,20190905,4700,27
1091,2,20190617,20200521,4550,27
1049,2,20200201,20200501,4450,77
1622,2,20190417,20201205,3850,29
274,2,20190218,20200312,2700,32
1296,2,20200303,20200328,3000,79
1236,2,20200428,20210512,4350,29
472,2,20200602,20210715,4800,27
1192,2,20191222,20200625,4300,42
309,2,20200313,20200929,4400,42
1850,2,20200422,20210731,1950,32
1190,2,20181005,20200528,3500,29
1788,2,20200223,20201119,1750,32
1987,2,20190126,20210617,4400,29
389,2,20190205,20190521,2800,82
335,2,20190907,20210112,2050,32
1546,2,20190630,20210116,4500,27
1855,125,20181114,20210628,880,30
1856,125,20200516,20210817,1000,30
218,125,20190408,20191010,1880,40
268,125,20190315,20201119,1460,30
875,125,20191026,20200310,780,55
1526,125,20190107,20210131,1880,27
1701,125,20190628,20210423,1480,30
471,125,20200203,20210220,920,30
1464,125,20190624,20210628,1000,30
1048,125,20200621,20210314,960,30
717,125,20200108,20210321,1920,27
1747,125,20191201,20210614,1680,30
1866,125,20200329,20201013,1060,30
836,125,20200204,20210411,660,30
114,125,20190327,20210530,1020,30
562,125,20191226,20200401,780,68
1984,125,20190423,20200723,1220,30
330,125,20200524,20210725,1540,30
1966,125,20190517,20201031,1460,30
581,125,20200407,20201009,720,43
301,125,20190724,20200525,1200,30
952,125,20200421,20201101,760,30
803,125,20200205,20201120,1160,30
564,125,20190111,20210520,1540,30
1447,60,20181103,20210425,2220,26
252,60,20180829,20200111,1740,26
429,60,20200316,20210418,900,29
730,60,20200205,20210217,960,29
1675,60,20181018,20210406,2310,26
983,60,20200813,20210510,2460,26
1624,60,20180825,20181123,2850,74
1640,60,20191203,20200127,1860,76
928,60,20181120,20200429,1650,29
1666,60,20200609,20210614,2850,24
393,60,20200313,20200816,2130,51
951,60,20180909,20190610,2460,26
1001,60,20190222,20200630,2670,24
1672,60,20200621,20210809,1920,26
430,60,20200206,20201030,1980,26
1651,60,20200803,20210322,2280,26
1271,60,20190212,20201108,1080,29
103,60,20181020,20190524,2310,26
1139,60,20181024,20181111,2940,74
1224,60,20200623,20210512,1830,26
1239,60,20200422,20201103,2190,26
164,60,20200524,20210704,1860,26
767,60,20190115,20190316,2010,76
858,60,20181204,20210215,2940,24
178,60,20200306,20210407,2760,24
1320,60,20200214,20200723,1290,54
346,60,20191012,20210129,1050,29
447,60,20181023,20190719,1110,29
212,60,20200515,20210726,2250,26
220,60,20200324,20200730,2760,62
153,38,20190723,20210402,3450,26
129,38,20190520,20210227,3500,26
698,38,20190503,20201227,3850,26
127,38,20190927,20191101,4500,74
1963,38,20200702,20210106,4300,37
835,38,20200806,20210618,2850,26
689,38,20200617,20210414,4950,24
146,38,20200701,20200717,3950,74
1797,38,20200202,20210203,2800,26
1056,38,20191222,20200522,1500,54
299,38,20181027,20190205,3400,64
1820,38,20190128,20191030,2550,29
1734,38,20191231,20200813,4400,24
1366,38,20200802,20201107,2450,79
1679,38,20190901,20200718,3150,26
668,38,20191011,20200515,1550,29
172,38,20200113,20200219,4250,74
721,101,20190826,20210314,840,29
257,101,20200720,20201002,620,79
1748,101,20190714,20200612,1580,29
1708,101,20181015,20210419,1540,29
143,101,20200205,20200826,760,42
1716,101,20190319,20210125,1080,29
861,101,20181008,20190125,600,79
880,101,20190709,20191209,740,54
585,101,20200315,20210524,640,29
1463,101,20190804,20200501,800,29
460,101,20200706,20200805,620,79
1202,101,20190214,20190521,740,79
1549,101,20200623,20210317,1160,29
1149,101,20200227,20201225,1260,29
1150,101,20190923,20200527,1100,29
363,101,20190708,20191001,640,79
1152,101,20191128,20210314,1660,29
359,101,20190817,20210804,1460,29
1482,101,20190127,20190208,1980,76
1594,101,20181119,20210304,2000,26
1019,67,20200505,20200707,620,75
1330,67,20181108,20200324,950,25
490,67,20190510,20210426,920,25
1795,67,20200704,20210627,590,25
1503,67,20190829,20210303,960,25
403,67,20200604,20210711,660,25
264,67,20200521,20200531,880,75
1707,67,20191128,20200816,830,25
1426,67,20190917,20200703,300,25
1385,67,20180827,20200413,710,25
1306,67,20190209,20201207,950,25
1295,67,20200724,20210210,510,25
1573,67,20191214,20210614,620,25
1285,67,20190108,20191216,680,25
1575,67,20200113,20200531,390,63
729,67,20180930,20210529,480,25
1904,67,20200129,20200824,600,25
1111,67,20181215,20210821,790,25
304,67,20191012,20200704,880,25
1259,67,20191121,20210610,670,25
1769,196,20190513,20190801,780,74
569,196,20190414,20201016,580,24
1437,196,20200120,20210206,390,24
1995,196,20200210,20200316,640,74
833,196,20190228,20200410,300,24
175,196,20190724,20210217,940,24
555,196,20190711,20190916,920,74
840,196,20190304,20200714,430,24
852,196,20190218,20200426,680,24
1323,196,20200405,20210817,360,24
1827,196,20191116,20200115,750,74
866,196,20200806,20210312,330,24
1142,196,20190417,20210501,470,24
1383,196,20200803,20210814,630,24
1401,196,20180919,20200316,470,24
398,196,20200606,20210804,600,24
654,196,20190330,20191123,580,24
675,196,20180922,20200525,360,24
360,196,20200623,20210320,500,24
929,196,20191122,20200122,690,74
354,196,20190817,20201115,840,24
1196,91,20191004,20210423,3720,32
1848,91,20191109,20210703,4000,32
499,91,20200509,20200608,3440,82
604,91,20190531,20200621,3320,32
386,91,20200823,20201229,1680,75
406,91,20200706,20200711,3000,84
1536,91,20200322,20210412,2920,34
622,91,20190717,20201114,3080,34
1552,91,20190506,20190812,3520,82
1265,91,20190524,20210818,1640,37
134,91,20191201,20210528,1360,37
1220,91,20181228,20210814,3440,32
312,91,20190917,20200813,3640,32
1686,91,20190314,20200306,2760,34
1171,91,20191122,20200605,1240,37
1387,91,20190711,20210214,2680,34
450,91,20181202,20200302,3840,32
230,91,20180922,20191001,3120,34
583,91,20190208,20190401,2120,87
224,91,20190808,20200726,3840,32
720,91,20200518,20210702,1840,37
954,91,20180908,20200123,2920,34
848,91,20190219,20200424,3920,32
1377,91,20190120,20200326,1960,37
1633,91,20200701,20201214,1440,62
785,91,20200207,20200913,3920,32
1816,91,20200609,20201002,1400,75
1991,91,20181004,20210123,1960,37
579,12,20200715,20201013,1920,82
992,12,20191214,20210110,1240,32
1652,12,20200702,20201226,880,57
1969,12,20190202,20200218,680,32
842,12,20191128,20210417,740,32
958,12,20180928,20190521,1160,32
705,12,20190513,20210719,1440,32
881,12,20180908,20201009,1400,32
531,12,20190415,20200113,1380,32
1559,12,20200408,20200605,1380,82
1810,12,20200610,20201106,1420,57
886,12,20190323,20210417,1260,32
1669,12,20190427,20200311,920,32
394,12,20200608,20210526,940,32
884,12,20190322,20191017,1420,32
292,12,20190311,20201211,720,32
1993,178,20180926,20200531,2150,27
1025,178,20181127,20191016,2900,24
1589,178,20191231,20210207,3150,24
901,178,20200719,20210124,2100,40
921,178,20191117,20210117,4100,22
1253,178,20200712,20210520,2350,24
876,178,20200822,20210401,2900,24
1247,178,20190511,20200609,3100,24
871,178,20200709,20200901,2600,74
1314,178,20190404,20191203,2200,27
1534,178,20181202,20200327,2800,24
1942,178,20200219,20201017,1900,27
1032,178,20180901,20190214,3850,47
1505,178,20200516,20200709,4250,72
1603,178,20190608,20200318,2550,24
1999,178,20200803,20210303,2400,24
625,178,20200630,20210217,1950,27
375,178,20200628,20200711,2800,74
259,178,20190101,20191013,2900,24
443,178,20200219,20210425,3600,22
528,178,20200327,20201222,4400,19
215,178,20190727,20210301,2900,24
616,178,20181211,20200428,3500,22
195,177,20190801,20200323,1395,29
263,177,20200401,20201102,1275,29
1124,177,20200720,20201222,690,54
1980,177,20200705,20201014,1305,79
1446,177,20190821,20190827,855,79
1814,177,20190726,20210406,510,29
198,177,20191201,20200929,1035,29
1287,177,20191201,20200831,570,29
1230,177,20190528,20191218,840,29
395,177,20190402,20190806,540,67
1796,177,20200716,20210819,465,29
924,177,20190913,20210819,1305,29
536,177,20191018,20200528,870,29
1496,177,20190305,20210324,1080,29
1853,177,20190830,20200417,465,29
1518,177,20200524,20201101,450,42
1361,177,20181201,20200922,1095,29
222,177,20200203,20200320,1200,79
168,177,20190513,20191030,555,54
751,177,20190917,20191110,1065,79
1621,177,20190520,20200322,1080,29
1895,177,20200224,20200912,720,29
990,177,20190930,20200205,915,54
683,177,20181229,20210225,1200,29
629,177,20181027,20210520,915,29
324,177,20200505,20201016,1110,54
1578,177,20200405,20210124,1290,29
1628,93,20190130,20210626,600,29
158,93,20190314,20200225,1215,29
1798,93,20200412,20201213,1035,29
1800,93,20190612,20210726,1410,29
1629,93,20191214,20210807,1500,29
1388,93,20200305,20201222,705,29
1243,93,20181225,20210109,975,29
1217,93,20200314,20210214,885,29
740,93,20181211,20191118,750,29
780,93,20200209,20200813,780,42
428,93,20190617,20191120,705,54
160,93,20190814,20200515,690,29
987,93,20181119,20210426,1500,29
1874,93,20191130,20191208,900,79
1931,93,20200325,20200809,540,54
572,93,20180930,20200330,540,29
889,153,20181221,20210803,4800,29
270,153,20191120,20200107,2650,84
856,153,20180924,20190705,3250,32
912,153,20191211,20200503,2250,59
728,153,20190616,20191129,2700,59
899,153,20200421,20210423,2700,34
1376,153,20190524,20200515,2800,34
1333,153,20191006,20191227,3200,82
1507,153,20200721,20210804,2850,34
991,153,20180914,20200904,3650,32
1096,153,20190514,20210416,4050,29
1102,153,20190116,20201217,4800,29
355,153,20200321,20201101,4500,29
1576,153,20190104,20191011,3600,32
820,153,20190107,20200531,2000,37
1562,153,20181117,20200113,3650,32
1938,153,20200417,20210726,3750,32
1949,153,20190425,20210607,3400,32
1544,153,20200731,20201221,3100,57
1658,153,20200809,20210417,1950,37
385,153,20190603,20210422,3200,32
396,153,20181203,20210213,3550,32
390,153,20190620,20210607,2650,34
831,153,20200324,20200815,3800,57
746,153,20200201,20201030,2850,34
1412,153,20181122,20210102,2650,34
909,189,20191204,20200611,4050,32
1331,189,20190108,20200224,5000,16
556,189,20191006,20200416,4900,29
1378,189,20200307,20210713,2150,24
657,189,20190902,20210706,3050,21
1754,189,20190111,20190115,3200,71
1759,189,20190627,20191205,4550,29
1625,189,20200518,20200605,3050,71
1588,189,20190106,20210503,3850,19
376,189,20181015,20201117,1600,24
1479,189,20190915,20191016,4450,66
1543,189,20200620,20210509,1950,24
311,189,20190228,20190405,4050,69
1475,189,20190515,20190521,4450,66
789,189,20181007,20190621,2800,21
1602,189,20190531,20200628,5000,16
843,189,20190615,20200216,4250,19
437,189,20190808,20190813,3350,69
1416,189,20190930,20210502,3450,19
996,134,20200411,20210601,1320,34
1799,134,20190514,20210719,4000,29
1832,134,20200809,20210503,3200,29
1831,134,20200304,20210430,3040,29
511,134,20200115,20200309,1320,84
1727,134,20190804,20190805,2600,81
1007,134,20181125,20190520,2840,44
1489,134,20190831,20200503,1840,34
781,134,20181111,20201126,3400,29
410,134,20190227,20210609,1200,34
1668,134,20190811,20200716,3000,31
1232,134,20200628,20210712,1200,34
567,134,20190615,20190930,2920,81
727,134,20200804,20200926,4000,79
1846,134,20191208,20191223,3520,79
1521,134,20191217,20200418,3600,67
676,134,20191022,20200723,1920,34
101,134,20190406,20190701,1920,84
432,134,20190629,20200124,3400,29
1871,134,20190614,20200905,1200,34
1610,134,20200214,20201221,2520,31
1375,152,20190121,20210306,1940,34
388,152,20200327,20210123,1660,34
1478,152,20181224,20190624,1580,47
140,152,20190221,20200205,1100,34
1353,152,20200526,20210731,1740,34
1725,152,20190822,20200410,1440,34
1431,152,20190426,20190901,1860,59
771,152,20181111,20200925,1820,34
1445,152,20190406,20201201,2000,34
1596,152,20191006,20191019,1720,84
989,152,20191012,20191107,1360,84
1607,152,20190408,20200519,1880,34
1844,152,20200104,20200229,1000,84
1732,152,20200710,20201219,1380,59
821,152,20191209,20210723,1740,34
514,152,20181217,20201217,1940,34
1000,197,20190116,20190526,2200,67
776,197,20190817,20210320,3800,24
964,197,20200428,20210725,2350,26
1972,197,20191103,20210224,2800,26
1615,197,20190601,20200215,2800,26
1128,197,20200228,20200825,2000,42
608,197,20181027,20210815,2450,26
1166,197,20190928,20200413,3700,24
670,197,20190328,20200418,4650,21
1988,197,20181017,20201129,3100,26
1921,197,20190521,20190530,4400,71
1374,197,20190406,20210413,2750,26
1678,197,20200523,20200628,4950,71
764,197,20200527,20210523,4150,24
757,197,20190130,20201129,4350,24
967,129,20190920,20210809,1290,29
1933,129,20181215,20190529,1140,54
667,129,20190205,20210614,675,29
961,129,20190727,20200512,1425,29
640,129,20181124,20190827,1110,29
1973,129,20191221,20200522,1500,54
1162,129,20180921,20210208,945,29
1509,129,20181225,20200606,1410,29
1046,129,20200627,20210601,705,29
1189,129,20190321,20200317,465,29
1283,129,20200502,20210429,840,29
1623,129,20200806,20210516,1485,29
1950,129,20200801,20210118,870,54
517,129,20200623,20210809,1155,29
1905,129,20200125,20200828,825,29
795,41,20181007,20190315,810,59
1085,41,20190427,20200328,560,34
1807,41,20200408,20201119,1000,34
1349,41,20190406,20190706,430,84
1322,41,20190819,20200113,750,59
1105,41,20200322,20201027,400,34
1924,41,20190420,20190728,390,84
1352,41,20191212,20200722,710,34
1967,110,20190708,20210822,1560,29
1606,110,20190614,20190815,680,79
801,110,20200702,20200727,1180,79
1023,110,20200423,20210808,1600,29
456,110,20180922,20200506,1040,29
1902,110,20181114,20200725,1700,29
1409,110,20190531,20210801,1800,29
1104,110,20200514,20210209,920,29
1794,110,20190606,20200828,920,29
1474,110,20191230,20210322,920,29
289,108,20190612,20190926,1800,75
1286,108,20200618,20210114,1400,25
509,108,20190424,20210403,3080,20
919,108,20190627,20210215,1600,25
1890,108,20200320,20200425,2360,72
116,108,20200217,20200420,2320,72
1634,108,20190703,20201103,3160,20
1745,108,20190130,20200717,3920,17
1456,108,20191105,20200419,2880,45
1109,108,20181224,20200630,1360,25
295,108,20190411,20210610,2360,22
1462,108,20200808,20210128,2920,45
1079,108,20190107,20210302,3200,20
968,108,20200104,20200625,2120,47
488,108,20190112,20190413,2800,70
1568,108,20191214,20200815,1400,25
342,108,20181228,20190411,2640,60
589,158,20190731,20201123,2280,26
1040,158,20181114,20190603,2310,26
426,158,20180825,20190214,1890,42
1413,158,20190629,20210203,900,29
192,158,20200530,20210524,2490,26
1564,158,20190701,20210717,1140,29
1050,158,20181023,20181103,1410,79
165,158,20190111,20190916,990,29
226,158,20191115,20201102,2640,26
507,158,20200612,20200726,2700,76
503,158,20190524,20200813,2220,29
1103,158,20200315,20210104,1890,29
1656,158,20200125,20200416,1080,79
241,158,20190109,20200121,3000,26
1338,158,20200313,20200710,1620,67
1298,158,20200216,20200813,3000,39
1315,158,20190824,20210218,2550,26
798,158,20200601,20200720,1170,79
690,158,20190301,20210118,1950,29
711,158,20200713,20201022,2160,79
1714,150,20190202,20191028,2000,27
1067,150,20180905,20210111,3400,22
558,150,20190117,20200613,2520,24
357,150,20190819,20200719,2000,27
1074,150,20190524,20190822,2040,77
1292,150,20180903,20200212,2000,27
231,150,20190609,20210724,3080,22
294,150,20200206,20200624,3920,60
1721,150,20190130,20200418,3200,22
349,150,20190919,20190930,2400,74
1572,150,20190515,20200104,2160,24
571,150,20200705,20210722,3520,22
1898,150,20180916,20200130,3440,22
1386,150,20200619,20210516,3000,24
424,150,20190602,20200625,3080,22
1906,150,20200516,20201123,3200,35
1414,49,20191212,20201118,590,37
672,49,20181107,20190828,530,37
1655,49,20191013,20200301,1000,62
897,49,20200823,20200903,630,87
1985,49,20200720,20210122,730,50
938,49,20200626,20210620,480,37
1976,49,20200706,20201218,560,62
1970,49,20180831,20181022,720,87
1545,49,20200614,20210507,410,37
1119,49,20200223,20200718,620,62
1181,49,20200627,20201213,710,50
895,49,20200423,20210114,960,37
152,49,20191125,20210217,770,37
563,49,20191020,20200803,990,37
387,49,20190423,20201028,980,37
1618,49,20200618,20201205,840,50
1829,49,20181231,20200920,510,37
418,49,20190123,20200515,740,37
1582,49,20190816,20200908,990,37
580,49,20200125,20210819,880,37
1925,49,20200604,20210207,820,37
799,49,20190723,20200226,1000,37
578,181,20190805,20191003,675,77
1081,181,20190908,20200724,1230,27
1280,181,20200219,20210303,1215,27
1775,181,20200122,20200413,1380,77
1260,181,20190910,20201017,930,27
1879,181,20181003,20190804,990,27
1465,181,20190713,20200115,1335,40
678,181,20200620,20210311,1185,27
922,181,20190217,20201125,765,27
1396,181,20190607,20210715,780,27
853,181,20200604,20210223,900,27
1944,181,20181003,20190728,1470,27
1888,181,20190421,20190509,1395,77
445,181,20191031,20210802,1140,27
275,181,20191212,20200415,1170,65
491,181,20181207,20200913,1440,27
1782,181,20181214,20190130,1170,77
1899,181,20191106,20200816,525,27
851,181,20191219,20210308,1245,27
752,181,20181204,20190813,660,27
1581,181,20190828,20210607,825,27
1145,181,20200521,20210106,450,27
765,181,20191013,20210321,1410,27
784,181,20190211,20210211,630,27
1497,23,20181120,20210122,570,24
370,23,20200415,20201127,1245,24
131,23,20190820,20201027,1410,24
1730,23,20190827,20200816,1395,24
474,23,20181005,20200217,465,24
245,23,20200315,20200710,855,62
1129,23,20191014,20201216,1500,24
1090,23,20181128,20190805,1485,24
935,23,20190617,20190618,1500,74
436,23,20181021,20210524,1155,24
1078,23,20190114,20200314,825,24
1690,23,20191115,20191208,675,74
860,23,20191109,20200618,990,24
825,193,20200510,20200627,1500,79
1493,193,20191215,20200603,1230,42
1373,193,20200614,20210424,945,29
985,193,20180919,20200312,870,29
1359,193,20190723,20210626,660,29
1881,193,20191124,20200727,1245,29
1200,193,20191003,20200122,1350,79
1326,193,20200823,20210317,465,29
401,193,20190720,20190915,810,79
518,193,20200720,20210801,630,29
1476,193,20190207,20200831,765,29
314,193,20200505,20200528,1095,79
551,193,20190816,20200208,1305,42
1252,193,20200502,20210221,750,29
1299,193,20200706,20210319,1485,29
1682,193,20200514,20200816,1350,79
1739,193,20181219,20210322,1395,29
1947,193,20200817,20210721,1185,29
1506,154,20180923,20191006,4400,24
273,154,20190718,20200217,3050,27
1743,154,20190202,20201106,2150,29
1971,154,20190309,20210619,3550,27
1715,154,20190629,20210331,2950,29
303,154,20190505,20200103,2400,29
110,154,20200201,20210325,4450,24
1310,154,20190327,20190531,2450,79
458,154,20190717,20210821,2750,29
807,154,20190323,20200107,2350,29
638,154,20180930,20210209,3650,27
592,154,20200308,20210406,3000,29
778,154,20190928,20201221,3550,27
1444,154,20200822,20210614,1700,32
617,154,20200110,20210818,4500,24
135,154,20180915,20200821,3650,27
742,146,20190815,20200521,310,34
870,146,20191017,20201011,820,34
707,146,20191025,20201006,670,34
1099,146,20200116,20200305,540,84
1595,146,20190629,20191028,870,72
397,146,20200303,20200326,940,84
1328,146,20190420,20200429,640,34
933,146,20191221,20210508,800,34
412,146,20190120,20200326,440,34
824,146,20191017,20191108,850,84
1390,146,20200527,20200923,310,72
128,146,20181212,20210627,890,34
364,146,20200409,20200903,960,59
559,146,20200306,20200810,550,59
863,146,20190513,20201203,510,34
976,82,20200212,20200314,1400,87
1035,82,20190611,20190701,3880,82
745,82,20190905,20201024,1680,37
936,82,20190927,20201216,1560,37
1227,82,20200819,20201202,3600,70
369,82,20190131,20210602,3560,32
466,82,20190625,20210326,2600,34
549,82,20200419,20200716,3680,82
1719,82,20191007,20210430,2000,37
1424,82,20190416,20201104,3080,34
1428,82,20191112,20210330,2280,34
609,82,20181117,20201016,3280,34
754,82,20200417,20201004,1320,50
995,82,20190808,20210329,2640,34
1342,82,20191101,20200407,2120,62
1614,82,20180925,20190826,1680,37
1880,82,20190525,20200921,3880,32
1961,82,20190310,20200410,3440,32
741,82,20190228,20201028,1880,37
306,82,20181027,20190523,3840,32
361,169,20200801,20210601,3600,29
1384,169,20181020,20201125,4650,26
1301,169,20180926,20210713,3100,31
1178,169,20200411,20210616,4200,29
1172,169,20200524,20210117,3100,31
242,169,20180831,20191110,1850,34
448,169,20181207,20210401,4300,29
1927,169,20200417,20210525,1650,34
1664,169,20200405,20210815,2100,34
1198,169,20181206,20201008,2300,31
221,169,20190727,20201226,2050,34
344,169,20191105,20210308,4650,26
627,169,20200110,20200515,2700,69
495,169,20200412,20210417,3350,29
794,169,20200105,20210225,3450,29
1513,169,20190218,20200610,3300,31
529,115,20181218,20190704,670,24
1251,115,20190430,20210612,580,24
1270,115,20181007,20200808,680,24
1787,115,20191126,20200427,920,49
1195,115,20181010,20200214,520,24
1554,115,20191101,20200603,840,24
1370,115,20200211,20200812,990,37
661,115,20190125,20200928,980,24
1182,115,20200816,20210523,420,24
1494,115,20191004,20200127,410,74
883,115,20181102,20210328,370,24
1439,115,20190210,20201114,600,24
1687,115,20191119,20200406,520,49
663,115,20190323,20200417,550,24
760,115,20191105,20200327,580,62
1974,115,20190331,20191007,820,24
1116,31,20190721,20201213,4500,24
1897,31,20190115,20200302,2400,29
599,31,20200822,20210109,2600,54
265,31,20190804,20191113,1950,79
1418,31,20190928,20191116,2850,76
328,31,20190921,20201223,3200,26
478,31,20190602,20200227,3450,26
1519,31,20190928,20190930,3750,76
407,31,20190701,20200210,1750,29
256,31,20200116,20201220,3850,26
1114,31,20200616,20200812,3750,76
451,31,20200105,20210820,2850,26
956,31,20191008,20210227,2850,26
379,31,20190215,20210305,4150,24
173,31,20180927,20210501,3100,26
766,31,20190926,20201030,1600,29
854,31,20191119,20210820,4950,24
1121,31,20200120,20210214,3100,26
184,31,20181226,20210616,3100,26
685,31,20191027,20191206,4500,74
277,139,20181206,20190630,3400,40
1742,139,20190714,20210117,2250,29
1964,139,20191104,20201230,2850,29
1601,139,20200512,20210520,3250,27
942,139,20190603,20210731,4300,24
1860,139,20190807,20191124,1600,82
526,139,20181229,20210406,3000,29
931,139,20190208,20200914,4900,24
1922,139,20181109,20200925,3300,27
1577,139,20190323,20200312,2750,29
115,139,20200501,20210704,2700,29
1141,139,20200722,20210713,2200,29
1647,139,20181218,20190113,4300,74
1392,139,20200617,20201016,3500,65
613,139,20200208,20200803,4950,37
1481,139,20200317,20200823,3900,52
1284,139,20200416,20200701,4800,74
417,139,20190214,20210706,3700,27
1915,39,20200319,20210213,1440,22
500,39,20191230,20210511,1530,22
497,39,20190208,20200909,2340,22
1952,39,20200112,20210206,1740,22
1278,39,20190224,20210822,2790,19
1876,39,20181229,20191126,1860,22
999,39,20190430,20200527,1860,22
288,39,20190528,20200918,1110,22
1726,39,20200516,20200908,1920,60
1530,39,20190326,20190426,2490,72
1197,39,20200704,20210802,1860,22
971,39,20190417,20200821,1470,22
1583,39,20181207,20210405,1890,22
605,39,20190209,20201028,1110,22
1854,39,20190112,20201201,2700,19
248,39,20200605,20210429,2670,19
479,39,20190128,20191211,2160,22
1130,39,20191015,20210812,1380,22
1117,39,20190819,20200722,1260,22
1143,34,20191117,20210115,795,29
878,34,20191006,20210615,1320,29
125,34,20191208,20201126,825,29
1645,34,20200622,20201223,1065,42
293,34,20190112,20190504,585,67
643,34,20200215,20200618,765,67
832,34,20190322,20190526,1155,79
1466,34,20190622,20190705,1305,79
1421,34,20200411,20210721,1425,29
183,34,20200517,20210505,630,29
1943,34,20190607,20200830,735,29
1335,34,20200623,20210317,825,29
733,34,20191218,20191230,1110,79
459,34,20191211,20200710,510,29
1308,34,20200110,20200116,1215,79
1348,34,20191004,20210518,690,29
431,34,20190607,20200701,690,29
339,34,20200729,20201121,705,67
1407,34,20200721,20210616,615,29
329,34,20200209,20210501,600,29
1828,198,20190126,20210518,3920,19
419,198,20190104,20191119,3440,19
1537,198,20190625,20210811,2800,21
1185,198,20181115,20210221,2480,21
225,198,20190101,20200131,2000,24
1031,198,20190318,20190913,3840,32
1132,198,20180915,20200312,2600,21
139,198,20190618,20200419,1200,24
290,198,20200325,20210515,2240,21
1638,198,20200805,20210322,2960,21
373,198,20181004,20200708,2000,24
537,198,20191007,20210602,2400,21
296,198,20181118,20210613,2360,21
1425,198,20190117,20200301,1880,24
151,198,20190110,20210507,2760,21
1120,198,20190305,20200415,2640,21
1542,198,20181217,20210817,1440,24
1094,198,20190226,20190527,1320,74
816,198,20190520,20190903,1480,62
997,198,20200128,20210310,3120,21
839,198,20181001,20190428,3160,34
476,198,20190524,20191127,3520,32
793,198,20191122,20210720,2840,21
614,198,20190910,20200108,3360,57
684,198,20181012,20190328,2240,46
1695,198,20200604,20200706,1240,74
1244,198,20181106,20190516,1520,37
914,120,20190308,20201029,2400,32
413,120,20181206,20200818,1800,35
415,120,20190606,20200418,2160,32
267,120,20190918,20210324,1620,35
1671,120,20190608,20200611,1950,32
1965,120,20181010,20210220,1830,35
845,120,20190410,20191205,2490,32
492,120,20200422,20210806,2850,30
1728,120,20190612,20210508,2190,32
421,120,20181118,20210316,1680,35
934,120,20200819,20210822,1320,35
1206,120,20190119,20190420,1080,85
138,120,20200611,20201219,2280,45
1837,120,20190329,20210219,1560,35
1840,120,20200408,20210522,1020,35
1140,120,20200614,20210317,2040,32
211,120,20190722,20191020,2040,82
923,120,20190110,20190122,1500,85
1017,120,20190509,20210122,1260,35
1136,120,20190331,20210515,2370,32
722,120,20200714,20200830,1650,85
505,120,20190201,20210524,1620,35
656,50,20191111,20200402,600,54
1997,50,20200731,20210410,615,29
955,50,20181011,20200607,1260,29
969,50,20190217,20200218,735,29
1818,50,20200703,20210703,1230,29
907,50,20180911,20181121,960,79
706,50,20200322,20210109,1275,29
1661,50,20190504,20210328,795,29
1982,50,20200521,20210611,915,29
611,50,20190518,20210519,1425,29
568,50,20191205,20210117,1005,29
383,50,20190527,20190726,975,79
1011,50,20200321,20201014,1020,29
521,50,20190821,20200511,885,29
619,50,20200731,20200908,1455,79
1183,50,20190626,20190804,645,79
1867,50,20181211,20201125,1245,29
1733,50,20191214,20210208,1110,29
679,50,20200423,20200706,780,79
1737,68,20190513,20201120,735,25
865,68,20190727,20200605,1380,25
1362,68,20190310,20200918,1290,25
1219,68,20181128,20210316,1230,25
1334,68,20191026,20201019,540,25
1803,68,20180825,20181217,1305,63
830,68,20190519,20200828,600,25
1704,68,20200511,20200625,1050,75
829,68,20191108,20200429,540,50
716,68,20190217,20191003,810,25
1015,68,20200324,20210124,1365,25
1063,68,20190603,20210226,750,25
1566,184,20200211,20210404,1880,34
552,184,20190106,20201215,1900,34
950,184,20200714,20201116,1020,72
243,184,20191201,20210512,1040,34
1977,184,20190309,20210412,1500,34
1891,184,20191122,20210824,1740,34
725,184,20190305,20190416,1800,84
1620,184,20190710,20210517,860,34
297,184,20191115,20210712,620,34
1264,184,20190312,20190422,1800,84
1469,184,20200112,20210618,1860,34
1422,184,20190206,20200506,1320,34
893,184,20190823,20210606,1720,34
687,184,20200603,20210819,800,34
1242,184,20190805,20210328,1220,34
1801,184,20200227,20201204,1000,34
1945,184,20200131,20200723,960,47
1404,184,20191109,20210723,1320,34
1319,184,20190703,20210727,1920,34
1277,184,20190503,20201130,1860,34
686,184,20190811,20191203,1500,72
1587,88,20180909,20190912,2360,23
340,88,20200810,20200907,2800,73
586,88,20191025,20210424,2360,23
970,88,20190921,20200504,2720,23
1495,88,20200528,20200909,2320,61
574,88,20190603,20201124,1680,26
1579,88,20190126,20210520,1880,26
467,88,20190108,20190218,3800,71
414,88,20200526,20210604,3160,23
319,88,20200122,20210422,1680,26
1044,88,20190217,20200526,3960,21
1226,88,20200510,20201217,3800,21
1913,88,20200703,20210727,1280,26
1979,88,20200725,20210211,3920,21
787,88,20200314,20201214,2800,23
1458,88,20181208,20210129,1440,26
1861,88,20200627,20201015,1280,64
1649,88,20200406,20200519,2720,73
1956,88,20191028,20210822,1440,26
1702,116,20190901,20190917,3700,66
1885,116,20180908,20181207,4000,66
1043,116,20180926,20190828,2150,21
1490,116,20200815,20210213,3950,29
1712,116,20191123,20210731,2050,21
1410,116,20200702,20210503,4900,14
1868,116,20200621,20201129,1550,49
454,116,20200123,20200917,2600,21
910,116,20181119,20191128,2400,21
1953,116,20190818,20190906,2350,71
1450,116,20190323,20191009,4250,16
1570,116,20200131,20200327,4050,66
1177,116,20200614,20200814,2200,71
744,116,20190322,20191207,3550,19
1612,116,20190321,20210605,4350,16
1223,116,20190628,20190828,3200,69
1735,116,20181016,20191204,3300,19
539,188,20200615,20210214,580,26
817,188,20191118,20200606,520,26
963,188,20200402,20210428,990,26
658,188,20190814,20210322,410,26
1527,188,20190209,20200714,920,26
1752,188,20190206,20200414,560,26
1845,188,20191027,20210228,350,26
1343,188,20190629,20200712,840,26
948,188,20191220,20200624,460,39
1838,188,20190606,20191114,890,51
1194,188,20190801,20201110,330,26
1364,188,20191111,20210217,820,26
704,188,20200607,20210711,680,26
1557,188,20190528,20200313,750,26
584,188,20190429,20200302,780,26
480,188,20181011,20190118,350,76
1886,188,20190824,20200830,570,26
1884,188,20181010,20191221,890,26
1611,188,20200617,20210607,540,26
540,188,20190707,20200814,840,26
1151,188,20200702,20201225,540,51
1155,188,20200807,20210111,810,51
1157,188,20200625,20201025,880,64
660,187,20190918,20191212,3900,79
1028,187,20200704,20200706,4200,79
631,187,20200813,20210117,1650,59
1042,187,20190723,20190928,2450,81
150,187,20190716,20200830,2500,31
420,187,20181231,20190401,2800,69
666,187,20190321,20200402,4850,26
1170,187,20190802,20190911,4050,79
112,187,20190720,20200517,4700,26
547,187,20190222,20190308,3050,81
107,187,20200223,20210106,3600,29
313,187,20191111,20201230,4450,26
1256,187,20200115,20200904,4650,26
1208,187,20190318,20200126,2050,34
566,187,20181112,20190408,4900,51
482,187,20200705,20201121,3150,69
818,187,20200107,20210527,3850,29
1514,187,20200729,20210718,3800,29
1770,187,20200811,20210108,2200,59
1847,187,20190323,20200924,1750,34
223,187,20181029,20200129,2350,31
1935,187,20181201,20191102,4000,29
1717,187,20190608,20190812,4850,76
282,51,20200219,20210811,2970,25
1312,51,20190215,20200827,1350,30
378,51,20200106,20200414,2100,77
208,51,20200526,20200712,1740,77
1779,51,20191031,20210123,1110,30
1778,51,20181112,20191203,2100,27
1009,51,20191211,20200727,1860,27
1275,51,20191110,20200909,990,30
1018,51,20200310,20201026,2190,27
1916,51,20180923,20210814,900,30
1487,51,20190920,20210408,2100,27
219,51,20190214,20210604,2250,27
926,51,20200514,20210407,1980,27
169,51,20190211,20210406,2970,25
1231,51,20180923,20200426,2850,25
1097,51,20200229,20210616,2610,25
753,51,20190129,20210721,1620,30
180,51,20191113,20200421,2250,52
1605,51,20200123,20201112,1140,30
1835,51,20200424,20201020,1470,43
808,51,20200613,20210521,2070,27
1580,51,20191007,20210315,2970,25
819,51,20181205,20201104,2100,27
736,51,20190128,20190501,1530,68
1169,51,20190221,20200617,1260,30
113,51,20181119,20210322,1410,30
1453,51,20180829,20210801,1470,30
646,51,20190215,20200305,2940,25
550,51,20180913,20210101,2520,25
1654,51,20190510,20201027,1860,27
457,51,20200711,20210307,1530,30
915,51,20200220,20210509,2430,27
1569,53,20200510,20201010,500,54
1565,53,20190929,20200520,610,29
826,53,20191114,20210102,1000,29
1808,53,20190702,20190921,350,79
916,53,20191127,20210815,770,29
664,53,20190928,20201124,610,29
898,53,20181121,20200217,870,29
433,53,20200217,20200830,770,42
117,53,20181231,20200511,580,29
1896,53,20181031,20201007,540,29
1053,53,20190405,20200313,610,29
1216,53,20190407,20201209,580,29
1841,53,20181028,20210608,420,29
510,53,20181102,20200907,430,29
1471,53,20180825,20201026,830,29
187,53,20200716,20201013,480,79
530,53,20190328,20200628,410,29
1347,56,20200719,20210117,800,30
1345,56,20200106,20200503,1920,52
102,56,20190211,20191123,1380,17
838,56,20190220,20210216,1280,17
1522,56,20181217,20200804,780,17
513,56,20200513,20210624,1600,17
126,56,20190929,20191117,1900,64
1241,56,20190529,20210817,1540,17
283,56,20200722,20210421,680,17
847,56,20200201,20200912,1620,17
659,56,20181103,20200417,780,17
1123,56,20191213,20191231,860,67
193,56,20190125,20200224,800,17
347,56,20191103,20200908,1140,17
1434,56,20190628,20210401,1220,17
1238,56,20200220,20210715,940,17
941,56,20200110,20200126,1140,67
1858,56,20190502,20210112,1300,17
1205,56,20190920,20210122,1680,14
440,56,20190811,20191107,1760,64
708,194,20190806,20210204,1650,34
823,194,20200630,20210402,4500,26
1561,194,20181216,20201030,3150,31
1159,194,20181016,20190915,2750,31
1600,194,20200823,20201106,1900,84
1147,194,20190416,20201222,2600,31
523,194,20181020,20190203,4050,67
597,194,20190211,20200502,4050,29
477,194,20200803,20200805,2150,84
1419,194,20190725,20210414,2150,34
1356,194,20190117,20190629,2450,56
998,194,20191005,20210618,1750,34
1033,194,20181011,20190311,2950,56
1365,194,20200527,20210223,4550,26
405,194,20200421,20200701,3000,81
1455,194,20190907,20191017,2850,81
206,171,20191228,20200803,5000,21
228,171,20200727,20201210,3450,49
538,171,20190820,20210526,2600,26
205,171,20190703,20200608,4250,24
1423,171,20190121,20210820,3750,24
1039,171,20190822,20201103,5000,21
980,171,20191110,20200217,3600,74
1399,171,20190418,20210215,3750,24
1815,171,20200522,20200602,2350,76
487,171,20190601,20201025,3050,26
906,171,20190217,20191108,3500,24
1667,171,20180908,20190712,2750,26
699,171,20190724,20200908,5000,21
1900,171,20190920,20210804,3300,26
1750,171,20190505,20200904,2950,26
1978,171,20200821,20201219,3700,62
1213,37,20200522,20210807,900,32
1937,37,20180911,20200409,1540,32
423,37,20180902,20200812,1380,32
133,37,20190604,20210523,1580,32
1115,37,20181107,20191127,1740,32
317,37,20200225,20201121,900,32
186,37,20200722,20210621,1800,32
1034,37,20190407,20200302,1900,32
978,37,20190723,20210409,1240,32
1864,37,20200229,20210218,1160,32
305,37,20190718,20191115,1360,70
1762,37,20191210,20201108,700,32
806,37,20190615,20191215,680,45
1892,37,20190314,20200514,1540,32
1055,37,20200714,20200725,1500,82
1339,37,20190111,20200711,1100,32
240,37,20200321,20210820,1040,32
630,37,20190113,20191026,1320,32
548,37,20191218,20200523,1660,57
628,37,20200303,20200910,1220,45
1367,37,20200813,20210214,1780,45
790,37,20190418,20210513,1780,32
210,37,20190720,20201108,1080,32
372,37,20191029,20200512,1580,32
1928,8,20190507,20210731,800,31
149,8,20191215,20200915,920,31
1093,8,20191122,20200131,1720,81
1082,8,20180901,20181020,1200,81
805,8,20200405,20210708,1380,31
1635,8,20200715,20210414,800,31
857,8,20190603,20190831,620,81
1539,8,20190101,20210802,980,31
1221,8,20200319,20210224,1700,31
235,8,20181210,20200608,640,31
1281,8,20190206,20200428,1140,31
1763,8,20190701,20201022,780,31
109,8,20190709,20210108,1040,31
1229,8,20181108,20190822,840,31
435,8,20180831,20180920,1720,81
534,8,20191018,20201022,1160,31
1768,8,20190805,20200219,1520,44
1825,8,20191130,20210427,1520,31
1692,8,20191109,20191118,1020,81
1981,8,20200602,20210211,1760,31
1324,8,20191123,20200520,980,44
307,22,20190520,20200618,720,29
1316,22,20200327,20210404,590,29
783,22,20181006,20190103,400,79
874,22,20180829,20190623,750,29
869,22,20200621,20200804,450,79
868,22,20181108,20190417,490,54
1454,22,20190608,20191231,560,42
1351,22,20190512,20210206,740,29
700,22,20190510,20190524,360,79
207,22,20191021,20201127,610,29
1153,22,20200707,20210216,580,29
358,22,20200304,20201002,660,29
570,22,20200310,20210326,620,29
362,22,20181230,20201104,390,29
1107,22,20200220,20210204,970,29
973,22,20191125,20200303,980,67
1641,22,20200625,20210521,730,29
1567,22,20190807,20200114,870,54
345,22,20191029,20200102,310,79
1946,22,20181023,20210502,560,29
1551,22,20200812,20210108,510,54
827,22,20200713,20210619,300,29
104,22,20191109,20201115,310,29
1930,22,20181019,20210706,350,29
1812,66,20200807,20210103,2160,49
1806,66,20190623,20190813,3760,69
1765,66,20200823,20210306,2760,22
1957,66,20200413,20200703,3840,69
100,66,20190904,20200101,2240,62
651,66,20200525,20210201,2880,22
1154,66,20190612,20200129,3880,19
1451,66,20181225,20190206,1680,74
1092,66,20190201,20191219,3760,19
1037,66,20181127,20200321,2400,24
1609,66,20190414,20210819,2400,24
506,20,20190819,20191126,920,74
1644,20,20181130,20200829,940,24
1004,20,20190719,20210212,860,24
262,20,20190620,20191226,1460,37
755,20,20191121,20210206,920,24
1060,20,20200218,20201114,1080,24
209,20,20200214,20200722,1960,49
1653,20,20200220,20210605,640,24
743,20,20181225,20190328,720,74
879,20,20191002,20210706,1260,24
763,20,20200320,20210204,860,24
515,20,20200510,20210116,1320,24
610,20,20181123,20200222,1160,24
276,20,20181120,20210817,1040,24
234,20,20190317,20210512,1380,24
1849,20,20190609,20191013,1920,62
846,20,20191017,20210623,1180,24
1411,20,20181112,20190308,1200,62
695,20,20200625,20210221,720,24
322,20,20190415,20190911,680,49
1188,195,20190201,20210505,1005,19
1504,195,20181031,20190106,1200,69
1258,195,20190114,20210203,1470,19
532,195,20190722,20210702,780,19
1398,195,20200402,20201001,1215,32
1077,195,20190417,20200910,975,19
232,195,20200210,20210505,1365,19
1084,195,20190707,20200527,1425,19
441,195,20181130,20200626,1260,19
1098,195,20181212,20190124,765,69
182,195,20200817,20210407,1170,19
590,195,20191012,20201207,885,19
1875,195,20191028,20200113,945,69
1520,195,20200304,20210306,495,19
1341,195,20180927,20181018,720,69
715,195,20191215,20210620,1215,19
791,195,20181023,20190812,540,19
1276,195,20190907,20200509,1170,19
320,195,20181017,20200216,930,19
894,195,20200117,20201105,750,19
702,195,20190205,20190929,450,19
984,44,20181013,20200913,1960,27
1457,44,20190323,20201221,3680,24
1872,44,20200728,20210713,3200,24
762,44,20190713,20200527,2680,24
602,44,20190830,20200525,1520,27
1382,44,20200215,20210211,1240,27
1369,44,20200711,20210611,2320,27
554,44,20180918,20201028,1840,27
281,44,20200616,20200625,1920,77
1757,44,20180908,20191016,3520,24
1061,44,20181213,20210330,3680,24
1998,44,20190312,20200406,1480,27
1234,30,20200725,20200921,3000,81
1442,30,20190129,20210331,1920,34
1802,30,20200516,20210704,2560,34
525,30,20200120,20200905,2960,31
573,30,20190310,20201030,2440,34
637,30,20191215,20210305,1480,34
1819,30,20190108,20201203,2120,34
1547,30,20180930,20210625,2520,34
1065,30,20190621,20201103,3080,31
945,30,20200605,20210113,2520,34
774,30,20190910,20210709,2360,34
1777,42,20190722,20200806,780,34
855,42,20190214,20210610,840,34
1713,42,20190416,20210202,480,34
620,42,20191218,20200618,1000,47
1483,42,20190529,20210318,640,34
1722,42,20190709,20190726,870,84
693,42,20200718,20210208,460,34
1992,42,20190911,20200722,510,34
1012,42,20200804,20200905,380,84
594,42,20190224,20210617,640,34
489,42,20191206,20210716,760,34
171,42,20200517,20210711,510,34
1859,42,20200624,20201004,410,72
1648,42,20190608,20210603,940,34
925,42,20190208,20200916,930,34
1894,42,20190930,20191202,680,84
1753,42,20190831,20191130,500,84
121,42,20190427,20190614,930,84
367,42,20200801,20200807,430,84
647,42,20200208,20210812,800,34
1959,42,20190325,20210427,820,34
1774,42,20190616,20200205,650,34
1083,42,20200521,20201006,500,59
1893,42,20190930,20200531,790,34
1440,42,20190510,20210707,900,34
1088,42,20200125,20210126,850,34
1313,42,20190806,20200908,810,34
1380,76,20190710,20190805,510,76
185,76,20181001,20200907,440,26
202,76,20190323,20191104,300,26
1736,76,20190412,20190522,710,76
384,76,20181226,20201114,780,26
496,76,20191028,20210407,830,26
600,76,20190124,20210331,690,26
1691,76,20200819,20210720,550,26
694,76,20200412,20210604,350,26
1525,76,20191005,20191101,920,76
544,76,20181114,20190223,730,76
786,76,20190928,20200922,840,26
813,76,20190905,20200309,870,39
1255,76,20200511,20200620,490,76
1288,76,20181007,20200725,350,26
246,76,20190323,20200223,610,26
859,76,20181127,20191024,990,26
527,98,20181117,20200916,2600,21
1261,98,20190506,20191017,1760,49
1697,98,20200713,20210606,1200,24
191,98,20180902,20200926,3720,19
343,98,20200809,20201025,2320,71
891,98,20181202,20191229,3000,21
1954,98,20190302,20200427,2160,24
1548,98,20200818,20210502,1720,24
669,98,20200820,20210128,1480,49
392,98,20200524,20210121,3760,19
1480,98,20200517,20210422,2360,21
1073,98,20180926,20200423,1320,24
1452,98,20200214,20201024,2760,21
1470,98,20190307,20201201,1720,24
1080,98,20200210,20200706,3640,44
1402,98,20190116,20210125,1760,24
1771,98,20190129,20200128,3400,19
1405,98,20200602,20201104,3640,44
512,98,20200301,20201001,2680,21
1865,98,20191015,20210629,3160,21
177,123,20191126,20200613,2940,15
1201,123,20200308,20200626,1800,70
1851,123,20190307,20200802,2970,15
1883,123,20190923,20201018,1560,20
1833,123,20200119,20210601,1050,20
1975,123,20200202,20200321,1080,70
1826,123,20181115,20181221,2280,67
811,123,20180903,20210403,1260,20
145,123,20181207,20210201,2100,17
137,123,20200202,20200903,900,20
1203,123,20200409,20210308,1080,20
1523,123,20190221,20200725,2550,17
1680,123,20191221,20200305,1920,67
1532,123,20190126,20200113,2490,17
1574,123,20190821,20191011,2580,67
1441,123,20200614,20201228,900,33
1744,123,20200720,20210519,2760,15
1598,123,20200115,20200914,1140,20
253,123,20190709,20210601,1770,20
327,123,20190121,20200212,1680,20
1608,123,20181104,20200715,2430,17
652,24,20200415,20200825,3500,72
1677,24,20181012,20190225,2200,75
1842,24,20190831,20200706,2000,37
1249,24,20200105,20210704,3600,34
1062,24,20191015,20191218,1550,87
1459,24,20181231,20190314,1750,87
1075,24,20200605,20210823,4400,34
1813,24,20180925,20190107,1900,75
260,24,20200601,20210510,4100,34
174,24,20200224,20210720,1550,37
251,24,20200412,20201028,4300,47
1069,24,20190921,20200314,2350,50
1294,24,20181026,20191203,4350,34
603,24,20190423,20210619,4600,32
508,24,20190519,20200204,3000,34
1990,24,20190415,20210503,1900,37
504,24,20200727,20210102,2500,50
316,24,20181126,20201126,3000,34
1755,24,20190108,20210212,4000,34
943,24,20190130,20210521,1950,37
1072,165,20200229,20201024,630,27
814,165,20190531,20210209,370,27
1870,165,20190416,20191023,790,40
682,165,20200807,20201009,420,77
1212,165,20191120,20200205,840,77
1919,165,20200421,20210810,850,27
310,165,20200203,20210517,620,27
1006,165,20190527,20190903,360,65
1029,165,20200110,20200715,750,40
156,165,20190603,20200605,650,27
726,6,20190826,20191031,1260,69
1127,6,20200302,20210323,1840,19
920,6,20190401,20190715,740,69
136,6,20190713,20201104,1760,19
1510,6,20181102,20190629,1700,19
1100,6,20190602,20210812,1160,19
255,6,20190407,20200921,900,19
977,6,20200125,20200711,1340,32
749,6,20181107,20190907,1100,19
408,6,20190123,20201021,1200,19
739,6,20200124,20200318,2000,69
944,6,20190404,20201019,1640,19
300,6,20190914,20191017,980,69
1688,6,20190512,20210105,1120,19
502,6,20191003,20210627,960,19
484,6,20190613,20201214,1380,19
483,6,20190930,20200311,1300,32
122,85,20190826,20210209,675,21
1269,85,20200512,20200523,495,71
1110,85,20181204,20200103,1065,21
1024,85,20190404,20210210,1140,21
1460,85,20190423,20200318,735,21
632,85,20181001,20210115,735,21
1282,85,20200413,20200527,780,71
1710,85,20191222,20210326,885,21
1862,85,20190721,20200924,1365,21
1558,85,20181212,20200525,1470,21
227,85,20190326,20200517,540,21
1766,85,20190815,20210518,1125,21
885,85,20200705,20210219,720,21
939,168,20200709,20210624,2080,26
1193,168,20190326,20210228,3080,23
624,168,20190419,20190514,2000,76
1429,168,20190110,20201020,3400,21
1660,168,20180919,20201210,3360,21
197,168,20190625,20191218,3520,34
533,168,20181108,20210806,2200,26
988,168,20181213,20190629,3880,34
1246,168,20191006,20200705,2200,26
1918,168,20200210,20200324,3920,71
1021,168,20190331,20190716,1440,64
648,168,20200816,20210602,1240,26
404,168,20191207,20210320,3760,21
710,168,20190713,20190819,2560,73
1346,168,20181101,20200705,2960,23
1027,168,20181003,20210627,2120,26
105,168,20190809,20191210,3080,61
464,168,20191116,20210112,2640,23
1163,168,20190327,20201119,2040,26
1134,168,20200703,20200726,3680,71
1131,168,20190404,20201031,2400,23
1592,168,20181111,20190129,2520,73
422,105,20190101,20191224,1940,17
1204,105,20191101,20210720,1940,17
1057,105,20200809,20210527,720,20
1852,105,20200821,20210731,640,20
470,105,20191231,20200806,860,20
872,105,20190302,20201220,800,20
796,105,20200606,20201027,1100,58
1045,105,20200412,20200621,1920,67
1403,105,20200225,20200229,1680,70
1484,105,20200309,20201121,780,20
1095,105,20200126,20210718,1440,20
822,105,20181117,20190615,1120,20
1789,105,20200102,20200609,800,45
1118,105,20190720,20200901,1760,20
1989,143,20180907,20190104,1980,59
1834,143,20180923,20191018,2340,18
1350,143,20191001,20201212,2130,18
1038,143,20190104,20190821,2220,18
1233,143,20200817,20201202,1530,59
809,143,20180917,20210323,2010,21
204,143,20181117,20200125,2700,18
416,143,20191113,20210405,1830,21
1882,143,20190915,20210613,1530,21
442,143,20190410,20200719,1410,21
981,143,20190823,20190830,2670,68
1087,143,20200510,20210401,2430,18
1642,143,20191109,20200802,2700,18
1760,143,20190211,20201104,1140,21
946,143,20180923,20210129,2040,21
166,143,20191130,20201102,2490,18
773,143,20191230,20210523,2430,18
917,143,20200410,20201003,960,34
904,143,20181123,20200823,3000,18
561,143,20200308,20210809,1440,21
1780,100,20190314,20191221,1180,25
1321,100,20190424,20200313,700,25
1010,100,20190212,20200916,1260,25
1920,100,20190805,20201004,1620,25
542,100,20200803,20210328,1940,22
1515,100,20200619,20210606,1180,25
348,100,20190303,20200128,1340,25
337,100,20190412,20210719,840,25
494,100,20190908,20200702,1580,25
130,100,20190310,20200204,1080,25
1168,100,20190427,20200920,1140,25
1626,100,20200225,20210817,1440,25
1822,100,20200204,20200724,1280,50
1724,100,20190220,20210605,1220,25
1135,100,20191230,20210317,1860,22
1354,100,20190531,20210228,1800,25
1164,100,20190807,20210403,820,25
411,100,20190309,20210214,2000,22
1823,106,20200613,20210513,1155,22
1148,106,20181122,20200831,495,22
266,106,20200414,20210530,810,22
254,106,20190516,20201018,1005,22
1291,106,20200707,20200922,450,72
639,106,20200612,20210605,600,22
713,106,20180927,20210125,1110,22
930,106,20190321,20191001,645,22
714,106,20200221,20210223,630,22
560,106,20200309,20210123,915,22
1415,106,20190716,20210713,675,22
353,106,20181130,20201005,1455,22
167,106,20200506,20200920,1320,60
802,106,20180831,20210119,1170,22
1014,106,20190530,20190721,930,72
1492,106,20200113,20200915,960,22
543,106,20190708,20201021,1185,22
747,106,20200415,20200702,1350,72
1059,106,20200729,20210113,1395,35
735,106,20191212,20200309,1185,72
731,106,20200619,20200629,1395,72
475,106,20200724,20201015,675,72
1723,27,20191023,20210202,830,27
1556,27,20200817,20200919,450,77
927,27,20200527,20200821,860,77
382,27,20190526,20210213,740,27
374,27,20190718,20201215,680,27
653,27,20190919,20200130,990,65
1047,27,20190413,20191003,520,40
1020,27,20190813,20191229,900,65
132,27,20200628,20210204,540,27
323,27,20200812,20201126,310,77
1632,27,20200226,20200701,370,52
462,27,20191227,20191229,570,77
1792,27,20181128,20201210,560,27
1389,27,20181228,20190910,730,27
321,27,20190102,20200128,440,27
636,27,20200115,20201007,760,27
1360,27,20190205,20200213,580,27
463,94,20181122,20190731,1300,27
1764,94,20181026,20190110,600,77
1630,94,20200811,20210110,1400,52
768,94,20190909,20201206,1420,27
887,94,20190409,20200311,1360,27
1962,94,20200604,20210809,1520,27
1643,94,20200303,20210110,1360,27
1165,94,20191207,20200705,1460,27
1909,94,20191209,20210803,1320,27
315,94,20190630,20200501,1440,27
576,94,20190209,20190608,920,65
1325,94,20190328,20210722,900,27
642,94,20190301,20190407,1120,77
1805,94,20200628,20200911,1280,77
1311,94,20200524,20201010,1620,52
325,94,20200521,20210801,620,27
1436,94,20190305,20190820,1580,52
1553,94,20190824,20200706,2000,27
144,94,20191107,20191227,1300,77
1908,94,20200111,20200728,1780,40
1560,94,20200813,20200925,1680,77
645,89,20191108,20201112,1500,24
1511,89,20181107,20210516,1580,24
1225,89,20190102,20200721,1380,24
1917,89,20190401,20200323,1340,24
1160,89,20191201,20210216,740,24
524,89,20190726,20191029,1240,74
333,89,20200821,20200911,1040,74
233,89,20191101,20201009,1100,24
546,89,20190518,20210223,860,24
461,89,20190830,20200202,760,37
217,89,20200514,20210206,760,24
1563,89,20200116,20210602,620,24
111,89,20181226,20190629,1220,37
1740,89,20191023,20200405,1400,37
1408,89,20190327,20200810,1200,24
1443,89,20191231,20210326,2000,24
1839,89,20190924,20200517,1560,24
287,89,20190419,20190813,1080,62
380,89,20200716,20200909,1920,74
974,89,20190203,20210309,1760,24
1960,89,20181202,20190528,620,49
1307,89,20190219,20200212,1000,24
1781,89,20190917,20210713,1880,24
522,89,20200221,20210602,2000,24
553,89,20190630,20210330,680,24
