194,4327093147794,3000,True,Kathleen Alexander,1978-12-23 00:00:00,hillpatricia@middleton.com,001-906-192-7696,1,4,1
188,3517975157262307,2000,False,Zachary Richard,1981-02-21 00:00:00,james06@higgins.net,(535)740-1766x10646,1,2,3
90,4661477355320,5000,True,Victoria Thomas,1982-03-09 00:00:00,hamiltondaniel@burnett-livingston.com,191.669.2604x0301,1,4,7
149,3561718149866586,2000,True,Autumn Kim,1969-03-30 00:00:00,zgomez@rose.com,+1-779-528-4073x648,1,4,1
184,213109986189712,2000,True,Nicole Shawn,1996-05-08 00:00:00,robertstevens@murphy.net,001-340-571-5392x787,1,1,4
41,30412430476854,4000,False,Sean Scott,1962-08-09 00:00:00,shirley23@hotmail.com,6996756976,1,4,6
169,3500803170806091,1500,True,Andrea Joseph,1981-11-17 00:00:00,julie93@jacobson.com,+1-538-072-7764,1,1,4
94,374043204162836,1000,True,Lindsay Steven,1978-06-01 00:00:00,brooke87@perez-wade.com,0902536971,1,2,4
7,4631644246851418,2000,True,Virginia Connor,1987-11-23 00:00:00,ashley14@hotmail.com,099-054-6353x8680,1,1,1
76,6011523730778995,1000,False,Brendan Peter,1992-06-21 00:00:00,meyerkyle@gmail.com,+1-802-653-8975,1,1,5
99,370596241151215,4000,True,Christina Nicholas,1966-05-29 00:00:00,stewartbrandi@schultz-mckinney.info,001-220-916-6745,1,1,1
102,630454531215,4000,False,Jeremy Jacqueline,1990-03-14 00:00:00,carrie27@yahoo.com,+1-546-006-7234x1644,1,2,4
177,4631063938766125,5000,True,Melissa Thomas,1989-11-06 00:00:00,meredith41@yahoo.com,053.769.6043x3689,1,1,6
16,6541362132545713,2000,True,Michele Lori,1977-10-27 00:00:00,amanda05@ortiz.com,483.383.3871,1,2,6
150,3592226450039838,5000,True,Anna Danny,1976-03-27 00:00:00,greenpatricia@zamora-dominguez.com,9138191122,1,4,2
33,4689828409082,2000,False,Timothy Kevin,1964-12-30 00:00:00,michael25@hamilton-hall.com,885-548-2699,1,2,1
129,30295871806576,5000,True,Jamie Leslie,1966-05-20 00:00:00,jacksonbrian@wilson.com,2054474550,1,4,5
125,4119481263078000,2000,True,Katelyn Joseph,1972-09-21 00:00:00,yolandasandoval@hotmail.com,273.134.8315x443,1,3,5
96,4755189953767316,4000,False,Brett Joseph,1991-11-25 00:00:00,donmccormick@munoz.com,705-230-2801,1,5,4
10,4652078999723,1500,False,Russell Mariah,1981-11-17 00:00:00,qgarrison@hotmail.com,621-002-6690x77887,1,1,6
154,345949681155182,2000,True,Lisa Thomas,2002-09-03 00:00:00,kristen54@griffin-adams.com,+1-721-771-4444x2394,8,1,3
197,5279959721687150,1000,True,Ashley Michael,1980-11-18 00:00:00,dgordon@gmail.com,758-062-3432,8,2,1
106,630458947938,1000,False,Jonathan Kenneth,1971-05-25 00:00:00,lisa15@ochoa-mcintyre.biz,1890508336,8,4,3
181,6011761926086597,1500,True,Tara Cheyenne,1970-05-13 00:00:00,joshua05@mccarty.com,001-467-831-1554x744,8,4,7
14,6011623640891563,5000,True,Erin Michelle,1982-12-03 00:00:00,kortiz@yahoo.com,(098)504-0352,8,4,6
36,503871756113,5000,False,Joseph William,1982-12-05 00:00:00,eduran@greer.org,910.109.1734x0572,8,5,7
84,180034538057242,1000,False,Hector Veronica,1988-08-25 00:00:00,kellyjohn@anderson.biz,(113)474-7463,8,2,6
67,501865134800,3000,False,Brandon Sandra,1970-03-16 00:00:00,chadmunoz@hotmail.com,(678)238-9653,8,1,6
172,372211295915907,4000,True,Kristina Lori,1971-11-05 00:00:00,peterscharles@gmail.com,(154)416-3294x78085,8,1,4
98,180062580986349,1000,True,Tara Kim,1997-06-06 00:00:00,combsandrew@johnson.org,(912)710-3749x70843,8,2,3
171,3568692396975486,1000,True,Tracy Meredith,1996-12-19 00:00:00,hoffmanwilliam@gmail.com,786-218-1246x2934,8,2,1
155,4886697194086304430,1000,False,John Monica,1980-05-19 00:00:00,ythomas@hotmail.com,920-303-7928x225,8,1,4
105,3561630842978891,4000,True,Mary Jared,1970-07-06 00:00:00,mario37@mcconnell.info,001-761-157-3540x7511,8,3,4
28,4617154069006,3000,True,Amy Maria,1972-06-13 00:00:00,kphillips@roberts.com,(352)973-9298x90257,8,4,3
56,4932650225399150,5000,False,Trevor Heather,1985-09-30 00:00:00,zmoore@yahoo.com,405-635-6126x3446,8,1,3
144,3582568241792429,1500,True,Debra Christine,1972-07-28 00:00:00,dsimmons@hotmail.com,311.343.0292,8,5,1
66,36087641466383,1000,False,Mark Derek,1964-04-20 00:00:00,pamela63@hawkins.com,541-475-5087x3597,8,3,4
34,4915917875995731,1000,False,Nicholas Laura,1988-03-24 00:00:00,xbennett@hotmail.com,857.493.1089,8,1,8
88,180067326235901,2000,False,Shawn Misty,1982-01-30 00:00:00,sgraves@gmail.com,+1-900-376-1128,8,4,4
101,630411547171,1000,True,Mary Rodney,1961-12-20 00:00:00,andrewwilson@hotmail.com,(758)091-7122,8,4,5
78,3525160243228360,1000,True,Susan Sarah,2002-11-24 00:00:00,matthewcoleman@oconnor.com,839-731-5642x04389,8,2,4
137,344671130800769,1500,True,Eileen John,1996-02-20 00:00:00,caseylee@guerrero.com,(789)713-7342,8,5,6
69,3544108424360392,2000,True,Sarah Jennifer,1980-05-15 00:00:00,katiesmith@gmail.com,1092866684,8,1,5
1,3535679760115609,5000,False,Stephen Sonia,1969-03-26 00:00:00,clarkcassidy@baker.com,001-290-827-1875,8,2,6
104,3592360322914249,4000,False,Michael Jeffery,2001-03-14 00:00:00,kayla48@donovan.com,(766)196-6122x9905,8,4,4
128,180027697039290,1500,False,Rodney Toni,1970-02-18 00:00:00,galexander@white.info,707-607-0193,8,3,7
176,4788416219920491,1000,True,Stephanie Sarah,1966-07-01 00:00:00,ashley56@johnson-andrews.com,001-142-902-4988x92275,7,4,3
170,4410312263574,3000,True,Alicia Michael,1981-07-04 00:00:00,erik53@porter.info,001-672-986-0691,7,1,4
46,6011664921356058,3000,True,Christina Eric,1964-06-27 00:00:00,fgrant@yahoo.com,(925)807-4362,7,4,4
83,4976847554439576,5000,True,Cassidy James,1976-11-28 00:00:00,andrewfisher@martin.org,+1-331-026-6226x11634,7,3,3
187,2321440871346173,1500,True,Holly Ryan,1974-08-05 00:00:00,matthew69@torres-harper.biz,484-821-3373,7,4,6
30,213143648954981,1000,True,Lacey Matthew,1977-12-19 00:00:00,ryanjimenez@hotmail.com,621.953.5964x2139,7,2,6
31,4330225841524610,2000,False,Danny Whitney,2000-06-28 00:00:00,cynthiareynolds@gmail.com,661.418.2512x979,7,5,5
32,675918172783,1000,False,Lee Stephanie,1970-07-26 00:00:00,harrisashley@stephens.net,686-397-2116,7,4,3
60,6011356742953706,2000,True,Stacey Nicholas,1963-10-06 00:00:00,esparzabilly@kennedy.com,088-332-1126x49375,7,5,3
175,3566336023616772,5000,True,Samantha Ryan,1969-11-01 00:00:00,usimmons@davis.com,271.508.4272,7,1,6
19,2677455868149729,1000,False,Max Barry,1966-11-28 00:00:00,jerrysampson@williams-moss.net,001-648-830-8631x97740,7,3,6
54,4644203297149,3000,True,Jennifer Yvonne,1991-09-09 00:00:00,christopher44@thomas-hansen.com,269.455.1347x826,7,4,7
68,3521383297678686,4000,True,Kathryn Willie,1994-02-24 00:00:00,yrivera@vargas.com,001-237-681-5772x44236,7,1,4
5,3513901051975368,1500,False,Michael Jamie,1991-09-23 00:00:00,amber20@hotmail.com,259-069-8484x60170,7,2,4
114,6011245826948130,1500,True,Holly Bethany,1969-11-25 00:00:00,amartinez@yahoo.com,(870)127-1561,7,5,4
174,5443409201175954,4000,False,Logan Jean,1993-01-21 00:00:00,whiterodney@yahoo.com,001-313-853-6404x2469,7,5,1
8,348914198075007,1500,False,Andrew Jorge,1990-10-18 00:00:00,karla48@todd-clark.com,598-049-0509x23916,7,4,4
140,3594403548900804,5000,True,Rebecca Alexander,1962-06-03 00:00:00,aanderson@gmail.com,436-766-4021x52453,7,1,7
3,3589260192019258,4000,False,Edward Elizabeth,1962-06-21 00:00:00,samuelnichols@yahoo.com,(486)189-3429x75795,7,3,7
48,3582146830735743,4000,False,Earl Kelly,1994-05-19 00:00:00,diana59@gilmore-hernandez.com,(579)775-4087,7,3,2
161,4227903715278333,4000,False,Matthew Jeremy,1989-06-21 00:00:00,xmahoney@gmail.com,(331)116-0475,7,1,6
49,4148524904117169,5000,False,Joshua Laura,1962-02-25 00:00:00,wilsonsara@yahoo.com,+1-426-593-1523x84680,7,3,2
20,4122840265024538879,1000,True,Pamela Kevin,1977-08-17 00:00:00,ayalabonnie@gmail.com,478-710-1248,7,3,3
110,4173591782934,4000,False,Randy Brandi,1991-11-22 00:00:00,glowe@gardner.net,001-415-077-9531x8179,7,2,1
44,3521913441280029,1500,True,Eileen Christine,1988-07-28 00:00:00,danielle52@gmail.com,040-625-2608x0617,7,2,7
133,6011156020991000,4000,False,Michael Destiny,2000-03-21 00:00:00,jennifer74@cooper.com,001-539-115-6401x58153,7,3,1
130,3512309976152306,1000,False,Steven Lisa,1961-11-24 00:00:00,amyburns@gmail.com,(459)188-0394x5985,6,1,5
72,373325892414434,1500,True,Nichole Jennifer,1986-07-05 00:00:00,nicolebernard@gmail.com,647.278.8247x8366,6,3,5
123,4946127909121238,2000,True,Melissa Vanessa,1968-03-10 00:00:00,uhudson@gmail.com,+1-489-710-8434,6,2,5
58,341711232728154,5000,True,Mindy Megan,1976-03-29 00:00:00,victoriaray@gmail.com,001-867-857-3813,6,2,5
121,6531144895140730,4000,True,Samantha James,1987-07-16 00:00:00,williamsedward@yahoo.com,(391)580-7017x914,6,5,8
132,3513380065699118,2000,True,Tina Charles,2000-06-28 00:00:00,wrightdonald@powell-valdez.com,(176)827-1808,6,1,4
9,4305612630714,5000,True,Karen Thomas,1985-06-09 00:00:00,joshuacarson@richardson.com,001-454-974-4071x218,6,1,6
92,180082406646166,1000,False,Tim Pamela,1974-07-13 00:00:00,cjackson@kirk-smith.com,663-989-8704x1505,6,2,4
97,4684537870261019,3000,True,Rebecca Caleb,1992-02-01 00:00:00,lisa76@scott.biz,(834)248-1503x15864,6,1,3
139,4627933254431,2000,True,Elizabeth Anthony,1967-10-04 00:00:00,emily24@kirk.com,513-716-3330x0563,6,3,5
70,346236529836556,1500,True,Jacqueline James,1995-07-06 00:00:00,mooresamantha@gmail.com,861.724.8769,6,3,3
63,2288882586618142,2000,True,Kimberly Jennifer,1979-07-30 00:00:00,nathan83@hotmail.com,(118)489-7467x078,6,2,2
64,4842812539036659,1500,False,Carl Amanda,1965-07-05 00:00:00,chelsea95@smith.biz,798.296.3195,6,2,7
131,30575056740330,5000,True,Emma Jose,1977-08-17 00:00:00,carlos20@yahoo.com,(957)088-6636x37343,6,2,1
91,3559752095491606,2000,False,Thomas Eric,1977-01-24 00:00:00,higginscarolyn@gmail.com,(024)603-6771x30649,6,3,7
6,180091190231093,2000,True,Heidi Stephanie,1992-06-12 00:00:00,donnadavis@sanchez-conrad.info,(401)070-2638x7289,6,1,2
196,4881261182058,2000,True,Molly Patricia,1964-02-15 00:00:00,natashaleach@yahoo.com,2239232749,6,3,8
25,180081422293060,4000,True,Amy Jasmine,1985-07-10 00:00:00,wyattamy@davis.biz,627-456-3528x327,6,3,2
2,4510342482368602588,3000,True,Heather Jerry,1980-05-31 00:00:00,brianphillips@frazier-nelson.biz,+1-948-613-1313x38952,6,5,3
142,30333252177539,4000,False,Patrick Shelby,1974-06-23 00:00:00,pottsrebecca@gmail.com,599.947.0723x68980,6,4,6
159,4058193619110835897,1000,False,Cameron Ashley,1996-06-10 00:00:00,tracyrivera@sheppard-johnson.org,001-635-249-0094x74385,6,3,1
37,30226101895378,1000,True,Ashley Eric,1964-04-16 00:00:00,brent50@yahoo.com,(539)651-2798x0524,6,2,8
179,30512223491554,5000,False,James Jenny,1985-02-19 00:00:00,williamsdorothy@hotmail.com,476-051-6579x059,6,3,8
12,2267386581266233,3000,False,John Janice,2002-12-28 00:00:00,rothjeffrey@hotmail.com,001-177-168-8277x4453,6,4,3
108,4710634282839660,1000,True,Natalie Jessica,1974-04-04 00:00:00,wrightricardo@hotmail.com,1285216008,6,2,6
160,2246321615308582,1000,False,Jeremy Joel,1993-06-24 00:00:00,johnstonmichael@williams.com,983-634-0859x7127,6,4,8
95,2257992451551208,5000,False,Jacob Susan,1963-12-06 00:00:00,michael48@gmail.com,770.174.0421x94367,6,4,1
145,503833964136,2000,True,Tammy Sharon,1987-04-20 00:00:00,adkinscharles@santiago-anderson.com,370-588-6602,5,3,1
26,4528199881331,1000,True,Diane Kevin,1971-02-01 00:00:00,sean90@anderson.net,+1-665-326-0686x36458,5,2,1
77,30403475816138,3000,False,Steven Tara,1973-03-23 00:00:00,kellystewart@hotmail.com,001-926-420-7611x75684,5,4,8
122,340791073187182,2000,False,Andrew Dominique,1979-09-08 00:00:00,ronaldhampton@gmail.com,001-484-611-2605x15321,5,4,1
89,6562374782567610,1500,False,Charles Rachel,1997-10-21 00:00:00,stuartbanks@hotmail.com,349-703-9321x539,5,5,8
180,2713684184185366,1000,False,Jeffery Jessica,1990-10-10 00:00:00,andersenjennifer@yahoo.com,922.102.5478x3355,5,2,7
27,213144592683352,4000,True,Nancy Sean,1984-07-11 00:00:00,kimberly29@yahoo.com,772-923-0667x2253,5,2,4
147,2718325278594049,3000,False,Thomas Maria,1976-07-12 00:00:00,hilljessica@yahoo.com,(196)436-1340x4955,5,5,6
190,4318277705697,2000,False,Antonio Cheryl,1979-07-05 00:00:00,jennifer93@gmail.com,+1-992-658-6780x7768,5,1,1
173,630415691751,3000,True,Meghan Holly,1963-02-21 00:00:00,schneidertammy@yahoo.com,+1-949-137-0109x85899,5,4,6
136,3519680035213682,1500,False,Terry Joseph,1974-01-10 00:00:00,yvonne97@johnson.com,768.059.0977x83975,5,4,4
148,4347380849920665,5000,True,Deborah Chad,1965-04-29 00:00:00,gramirez@hotmail.com,(492)469-1439,5,5,6
57,378179684760297,1000,True,Karen Brian,1973-07-17 00:00:00,scampbell@williams.biz,+1-044-720-1597x413,5,2,3
115,4669309340331774675,1000,False,John Timothy,1981-08-12 00:00:00,leslie72@smith-gallegos.org,+1-002-252-5524,5,2,2
15,180003027315692,4000,True,Catherine Tommy,2000-03-25 00:00:00,alexrangel@hotmail.com,9567834559,5,3,1
42,581456281905,2000,True,Kimberly Jeffrey,1976-01-22 00:00:00,andrea12@hamilton-grant.biz,001-330-753-3819x4575,5,4,3
107,4566465486024378,2000,True,Deborah Lisa,1990-01-02 00:00:00,michael50@bryant.info,001-484-362-3759x81888,5,1,3
178,4893156349795924,3000,False,Chad Timothy,1995-03-24 00:00:00,timothy08@yahoo.com,506-177-5584x3051,5,1,3
85,377508198961101,2000,False,Isaac Katherine,1999-10-28 00:00:00,galexander@colon.org,001-809-141-0555,4,2,8
82,3569855759207792,1000,False,Jeffrey Jennifer,1962-08-06 00:00:00,williamdavis@cameron-diaz.info,647-108-0256x0006,4,2,8
38,502005646349,4000,True,Jenna Beth,1994-12-09 00:00:00,mayray@rojas.biz,+1-455-374-9063,4,2,6
52,213137572436098,4000,True,Rachel Julia,1976-07-21 00:00:00,sandersrobert@fisher.net,+1-919-361-1523x0155,4,5,7
71,2221436131622883,3000,False,Justin Patrick,1965-10-08 00:00:00,charlesmorales@yahoo.com,072.252.0823,4,1,6
120,6532657121789573,2000,True,Madison Justin,1971-11-18 00:00:00,moorestephen@mercer.com,475-862-0189x249,4,2,7
199,6011472430675509,1000,False,James Eric,1998-11-25 00:00:00,nicholas55@myers.info,(419)439-2517,4,3,1
166,3592083719794137,5000,False,Roberto William,1985-10-04 00:00:00,kimberlynelson@harris-kim.com,(015)790-9732,4,1,3
61,4782019491250722,4000,True,Amber Elizabeth,1968-05-22 00:00:00,kylejoseph@bryant.com,666.686.2729,4,2,2
51,6510681335524648,4000,False,Luke Claudia,1999-10-11 00:00:00,christine91@sanford.com,007-565-4241x5019,4,2,3
100,213196182387091,1500,False,Roger Renee,1977-09-22 00:00:00,kenneth84@hotmail.com,(337)000-7358,4,2,3
47,344450988259125,2000,False,Jason William,1965-05-02 00:00:00,jessica75@yahoo.com,001-457-866-6911x911,4,2,2
168,2285467809170627,2000,True,Nicole Tammy,2001-04-17 00:00:00,sanchezsharon@joseph-myers.net,001-615-919-4693,4,1,1
162,4870266942635406,2000,False,Matthew Kimberly,1976-02-24 00:00:00,jake81@cruz.com,(876)218-9917x9517,4,5,3
109,4651089708154361,1500,True,Jamie Melinda,1979-07-20 00:00:00,tammy92@mendez.com,4791344433,4,4,2
163,372990305808497,1500,False,Dennis Mary,1994-12-25 00:00:00,kristengomez@gmail.com,001-835-561-9900x88170,4,3,4
164,4742879341224980,1000,True,Abigail Jennifer,1975-04-29 00:00:00,jennifer35@yahoo.com,106-811-6847,4,2,4
138,3567770010786280,3000,False,David Amanda,1996-01-20 00:00:00,amandacuevas@yahoo.com,915.208.8734x2914,4,1,1
143,676334589634,3000,True,Sandra Ronald,1988-10-25 00:00:00,slambert@gmail.com,276-603-0738x3356,4,4,1
39,180060709902361,1500,False,David Lauren,2003-03-01 00:00:00,revans@gmail.com,001-897-285-6635,4,5,5
113,5101765259412323,4000,False,Joshua Adrian,1989-03-15 00:00:00,mowens@yahoo.com,(947)858-9667x6218,4,4,1
191,4206066432789258,4000,True,Lisa Danny,2002-10-19 00:00:00,nbrennan@hotmail.com,(932)936-7080,4,5,3
35,676231642361,3000,False,Robert Linda,1992-11-25 00:00:00,traceyedwards@mclaughlin.org,(148)497-9781x9214,4,2,2
13,3519631207187501,1000,True,Jaclyn David,1964-08-23 00:00:00,brianharrison@davis.com,917-721-2105,3,5,2
73,6521636120941636,1500,False,Randy Catherine,1981-07-19 00:00:00,sierrajuarez@smith-montgomery.com,224.684.5951x728,3,2,7
80,6562231679387843,1000,False,James Troy,1980-11-12 00:00:00,hgutierrez@hotmail.com,096.179.2690,3,3,7
192,4429472990300319413,4000,True,Andrea Tiffany,1962-10-24 00:00:00,lisashaw@yahoo.com,791-509-9064x3825,3,5,7
158,4998549129411890,5000,True,Michele Amber,1985-03-02 00:00:00,nsmith@anderson.com,001-465-152-4169x907,3,4,5
55,6582469810962902,1500,True,Colleen Mary,1970-09-18 00:00:00,maldonadomanuel@meza-phillips.com,509.384.9893x038,3,4,1
18,4406316636872,4000,False,James Jane,1988-11-05 00:00:00,smithronald@ibarra.com,149.123.1545x8168,3,4,2
24,560442776855,1000,True,Patricia Francisco,1982-01-17 00:00:00,williamgarza@yahoo.com,320.495.3653x269,3,1,1
111,2237983820370219,1000,True,Joan Logan,1970-11-15 00:00:00,reyeskimberly@yahoo.com,2620975287,3,2,8
29,4348207017111992,1000,False,Christopher Kevin,1989-03-05 00:00:00,huffcatherine@yahoo.com,(873)867-4745x4786,3,4,1
134,3526009692807324,4000,False,Christopher Jonathan,1975-07-20 00:00:00,cwalker@faulkner.org,5256893960,3,2,1
167,3593856875505762,1000,True,Connie Michael,1981-09-06 00:00:00,lauren22@jackson.com,001-056-711-4573x267,3,4,1
93,2276783576682961,3000,False,David Christian,1962-01-28 00:00:00,hannah59@gmail.com,242-142-6430x97048,3,5,2
74,4418649178480168,1500,True,Elaine Matthew,1988-05-25 00:00:00,moyersarah@hotmail.com,+1-572-292-2022x74790,3,1,8
65,060452890332,4000,False,Marcus Nicholas,1981-03-14 00:00:00,jessica22@hinton.org,(288)439-4730x73998,3,2,1
112,2720393824956530,4000,True,Betty Heather,1965-05-19 00:00:00,mchapman@hotmail.com,(760)359-0383,3,1,7
193,3552091174661020,1000,False,Keith Jacob,1972-05-30 00:00:00,hughestammy@logan-wilson.org,(124)041-6665x83938,3,3,1
45,4018295804045415,3000,True,Carol Justin,1970-08-23 00:00:00,stephenroman@yahoo.com,407.080.3717x404,3,3,7
62,36479648147340,3000,True,Heidi Alyssa,1989-04-14 00:00:00,smithashley@hotmail.com,777.570.7135x191,3,4,1
22,180062513839383,1500,True,Holly Timothy,1995-05-13 00:00:00,kphelps@hotmail.com,(662)653-2901x66956,3,5,1
81,676332415550,5000,False,Justin Andrew,1973-03-17 00:00:00,webbbrandon@hotmail.com,225-961-9039x32244,3,4,2
165,30008062596777,1000,False,Jose Toni,1968-10-02 00:00:00,darrell15@jacobs.biz,+1-371-438-9445,3,3,3
86,503851637655,2000,True,Elizabeth Brittany,1969-03-14 00:00:00,daviskatie@yahoo.com,073-967-0583x07373,3,3,3
156,4848841315990050943,3000,False,Chad Patrick,1993-07-25 00:00:00,ccaldwell@beck.net,871.275.4107x3277,3,5,5
182,6504979494108817,2000,True,Nicole Kristen,1987-03-20 00:00:00,stewartlogan@watson-shaw.com,(825)569-2935,3,2,4
186,502060662405,4000,True,Lisa Lauren,1968-12-10 00:00:00,willisandrea@vasquez.com,759-352-5698x54639,3,3,5
183,180098945611008,5000,True,Brittany Raymond,1981-05-21 00:00:00,ysims@yahoo.com,293.455.2731,3,5,5
127,2230683321992837,2000,True,Jennifer Christine,1967-12-24 00:00:00,alexholland@patterson-meyers.net,886.617.0824x829,3,4,5
21,4129390418446335,4000,False,Mason Anthony,1998-06-01 00:00:00,gtaylor@yahoo.com,(312)705-2087,3,5,4
146,3511764041190288,3000,False,Jordan Brian,1997-04-02 00:00:00,wgriffin@estrada.com,001-414-220-9450x421,3,5,4
157,2295223993577525,4000,False,Matthew Ashley,1974-04-27 00:00:00,leachjustin@hotmail.com,374-910-7961x97906,3,4,5
151,3591396494577696,1000,False,Andrew William,1968-02-10 00:00:00,johnsonlisa@herrera.com,001-458-127-0915x646,3,1,4
4,6585802968865732,3000,True,Lorraine Edward,1974-08-18 00:00:00,jackiewilliams@hotmail.com,001-120-128-7764,3,5,4
189,3584065536774921,4000,True,Natasha Jose,1971-07-19 00:00:00,diazeric@gmail.com,652.504.8708x36059,3,4,3
87,501880579658,3000,True,Ellen Cody,1978-11-24 00:00:00,mitchelllisa@yahoo.com,+1-567-638-6287,3,2,3
59,4589331041424342,3000,False,Robert Valerie,1994-07-27 00:00:00,perrykylie@delacruz.info,(492)323-0493x377,3,5,6
135,4151585646817113,1000,True,Sheila Zachary,2003-04-18 00:00:00,jennifersmith@hughes.biz,446-255-1381,3,4,3
153,2279235161046547,3000,True,Ashley Christopher,2001-10-31 00:00:00,bowenelizabeth@yahoo.com,(736)533-1089,2,3,5
185,2720668558669049,3000,False,Albert Mary,1965-12-04 00:00:00,cole69@gmail.com,+1-153-685-7435x096,2,2,4
11,4635575388838888181,2000,False,Nathan Antonio,1987-07-29 00:00:00,cchristensen@sims.net,+1-253-194-6596x84874,2,3,5
195,6011120181008780,1500,True,Cynthia Nicole,1962-08-07 00:00:00,franklineric@peterson.biz,1627677106,2,3,4
141,346485024444727,5000,False,Brian Amanda,2000-07-03 00:00:00,carrierichardson@yahoo.com,786-414-8047x414,2,5,1
116,4646724311153958,1000,False,Trevor Mark,1999-03-03 00:00:00,tterry@yahoo.com,+1-921-179-1602,2,4,6
198,3542194948120548,1500,False,Brian George,1984-04-26 00:00:00,kramerjeffery@yahoo.com,001-070-988-3439x8647,2,1,6
23,2285695939994033,1000,True,Laura Christopher,1966-10-18 00:00:00,stewartdanny@yahoo.com,744.862.0754x103,2,5,1
126,4481341414223,1000,False,Christopher Claudia,1983-01-14 00:00:00,carpentertony@schneider.com,+1-194-472-1365x252,2,5,2
124,4415736307667098335,1500,True,Victoria David,1986-04-04 00:00:00,thomassusan@hotmail.com,001-998-096-2883x1281,2,2,4
43,630401302132,2000,True,Linda Hector,1983-07-18 00:00:00,jacquelinemartin@yahoo.com,001-544-942-0436,2,3,7
17,3580354456308819,1500,False,David Sandra,1967-04-09 00:00:00,twoods@gmail.com,985-727-2461,2,5,1
50,3577079596696303,1500,True,Michelle Joseph,1988-02-06 00:00:00,barrettcassandra@yahoo.com,+1-031-206-2134,2,5,4
117,180002862710165,1500,True,Kimberly Shane,1997-08-19 00:00:00,scottdarren@gmail.com,337-216-0678,2,4,4
119,3563756791031040,4000,False,Robert Stefanie,1976-12-07 00:00:00,matthew60@velasquez.com,001-014-411-1344x31991,2,5,7
79,4054248107860340,4000,True,Nicole Valerie,1985-11-01 00:00:00,danny64@wilson.net,001-306-391-5462,2,2,4
118,4220395704624782,1000,False,Charles Christian,1961-09-30 00:00:00,seanturner@gmail.com,069.164.4720,2,4,3
103,213189116163084,1500,False,Brian Heidi,1995-01-08 00:00:00,martinjames@castro-gutierrez.org,(772)779-1891,2,2,7
53,4447284154802964,1500,False,Robert Daniel,1968-05-10 00:00:00,carmen50@gmail.com,(149)618-1615,2,3,5
75,4300259390236474048,5000,True,Amanda John,1975-08-13 00:00:00,brownstephanie@hernandez.info,8165718505,2,3,6
40,4433329331368008795,2000,True,Susan Belinda,1980-12-22 00:00:00,jenniferlin@yahoo.com,+1-483-326-7612x170,2,2,3
152,213179836592241,4000,False,Gregory Richard,1983-07-29 00:00:00,morgantara@henderson-payne.com,001-756-006-1513x36946,2,2,8
